# ra_deg|dec_deg|mag|bv|bayer|proper_name|constellation
0.2691|-48.8099|5.71|0.911|τ||Phe
0.3338|-50.3374|5.53|1.615|||
0.3988|-77.0657|4.78|1.254|θ||Oct
0.4042|61.2228|5.58|0.407|||
0.4560|-3.0275|5.13|-0.128|||Psc
0.4901|-6.0141|4.37|1.631|||Psc
0.5423|27.0823|5.80|0.690|||Peg
0.5830|-29.7204|5.04|-0.150|ζ||Scl
0.6238|8.4855|5.70|0.315|c||Psc
0.6504|66.0990|5.87|1.073|||
0.9350|-17.3360|4.55|-0.047|||Cet
1.0569|62.2877|5.90|0.274|||Cas
1.0825|-16.5290|5.78|1.084|||
1.1255|-10.5095|4.99|1.619|||Cet
1.1721|-71.4369|5.59|-0.100|||
1.1749|67.1664|5.68|1.051|||
1.2756|61.3140|5.80|-0.067|V0567||Cas
1.3339|-5.7076|4.61|1.029|||Psc
1.4248|13.3963|5.55|0.901|||Peg
1.5659|58.4367|5.98|0.687|V0640||Cas
1.5799|-49.0752|5.70|0.519|GJ4.2A||
1.6106|64.1962|5.57|-0.023|||Cas
1.9454|-22.5086|5.93|0.141|||
2.0145|-33.5293|5.67|1.119|||
2.0731|-8.8241|5.99|1.034|||
2.0969|29.0904|2.07|-0.038|α|Alpheratz|And
2.2601|18.2120|5.57|1.043|||Peg
2.2945|59.1498|2.28|0.380|β|Caph|Cas
2.3378|-27.9879|5.42|0.414|κ1||Scl
2.3527|-45.7474|3.88|1.013|ε||Phe
2.5092|11.1458|5.54|-0.064|||Psc
2.5091|-82.2240|5.29|1.049|γ3||Oct
2.5786|-5.2486|5.84|0.973|||
2.5802|46.0723|5.01|0.405|||And
2.6785|-12.5799|5.84|1.000|||
2.8161|-15.4680|4.89|0.487|||Cet
2.8934|-27.7997|5.41|1.346|κ2||Scl
2.9334|-35.1331|5.24|0.459|θ||Scl
3.0416|-17.9383|5.29|1.478|||
3.3090|15.1836|2.83|-0.190|γ|Algenib|Peg
3.3318|-84.9940|5.78|1.710|||
3.3785|41.0354|5.71|0.331|||And
3.4260|-26.0223|5.94|1.548|||
3.6151|-7.7805|5.13|1.601|AD||Cet
3.6507|20.2067|4.79|1.572|χ||Peg
3.6601|-18.9329|4.44|1.640|||Cet
3.7271|-9.5696|5.77|-0.084|||
4.0369|-31.4464|5.66|1.350|||
4.2377|61.5332|5.74|0.898|||
4.2729|38.6816|4.61|0.059|θ||And
4.2877|47.9474|5.86|-0.079|||
4.5819|36.7852|4.51|0.054|σ||And
4.6594|31.5172|5.88|-0.014|||
4.8570|-8.8239|3.56|1.214|ι|Deneb Kaitos Shemali|Cet
5.0178|-64.8748|4.23|0.576|ζ||Tuc
5.1017|30.9356|5.89|-0.098|||
5.1494|8.1903|5.38|1.343|d||Psc
5.1627|-69.6249|5.50|-0.046|π||Tuc
5.1897|32.9112|5.79|1.595|||
5.2803|37.9686|5.16|0.442|ρ||And
5.3699|-77.4269|5.96|1.397|||
5.3800|-28.9815|5.18|1.006|ι||Scl
5.4428|-20.0580|5.61|1.580|T||Cet
6.0652|52.0199|5.58|-0.110|V0746||Cas
6.1979|61.8311|5.38|0.008|||Cas
6.2767|53.0468|5.72|-0.056|||
6.3509|1.9397|5.77|0.855|||Psc
6.4378|-77.2542|2.82|0.618|β||Hyi
6.5508|-43.6798|3.93|0.175|κ||Phe
6.5710|-42.3060|2.40|1.083|α|Ankaa|Phe
6.8113|-25.5472|5.99|1.022|||
6.9821|-33.0072|4.86|1.634|η||Scl
7.0121|17.8931|5.01|1.584|||Psc
7.0569|44.3945|5.18|0.043|||
7.1105|-39.9150|5.42|1.556|||
7.5098|-3.9573|5.72|1.545|||Cet
7.5307|29.7516|5.20|0.271|||And
7.5831|59.9776|5.94|-0.003|||
7.5944|-23.7877|5.17|0.128|||
7.6088|-48.2149|5.67|0.367|||
7.8541|-48.8035|4.76|0.018|λ1||Phe
7.8568|33.5816|5.88|1.133|||
7.8861|-62.9582|4.36|-0.064|β1||Tuc
7.8895|-62.9656|4.53|0.147|β2||Tuc
7.9215|52.8395|5.59|1.163|||
7.9432|54.5223|4.74|-0.098|λ||Cas
8.0991|6.9555|5.69|-0.014|||Psc
8.1479|20.2943|5.38|1.069|||Psc
8.1829|-63.0315|5.07|0.038|β3||Tuc
8.2500|62.9318|4.17|0.130|κ||Cas
8.2933|54.8950|5.93|1.037|||
8.4210|-29.5583|5.55|1.262|||
8.6160|-52.3731|5.57|0.472|GJ22.2||
8.8120|-3.5928|5.20|0.567|||Cet
8.8868|-0.5056|5.94|0.444|||Cet
8.9216|-48.0009|5.51|0.461|λ2||Phe
9.0346|54.1685|5.08|-0.098|||
9.1139|60.3262|5.78|0.294|||
9.1935|44.4886|5.14|1.587|V0428||And
9.1971|15.2317|5.89|-0.146|||Psc
9.2202|33.7193|4.34|-0.123|π||And
9.2429|53.8969|3.69|-0.196|ζ|Fulu|Cas
9.3363|-24.7673|5.57|0.715|GJ25A||
9.3384|35.3995|5.45|0.886|||
9.6389|29.3118|4.34|0.871|ε||And
9.7912|49.3546|5.45|1.644|||
9.8320|30.8610|3.27|1.268|δ||And
9.8409|21.2505|5.88|0.850|||Psc
9.9665|-44.7963|6.00|1.142|||
9.9815|21.4385|5.36|1.160|||Psc
10.1070|-59.4546|5.89|0.564|GJ29||
10.1268|56.5373|2.24|1.170|α|Shedar|Cas
10.1766|-4.3518|5.90|1.091|||
10.2799|39.4587|5.30|0.891|||And
10.3315|-46.0850|4.59|0.953|μ||Phe
10.4433|-56.5013|5.72|0.131|ξ||Phe
10.5143|66.1476|5.83|1.042|||
10.5162|50.5125|4.80|-0.105|ξ||Cas
10.6182|-65.4680|5.38|0.515|ρ||Tuc
10.6748|-60.2628|5.99|1.318|||
10.8385|-57.4631|4.36|0.024|η||Phe
10.8670|47.0245|4.95|0.170|π||Cas
10.8974|-17.9866|2.04|1.019|β|Diphda|Cet
11.0475|-10.6096|4.77|0.998|φ1|Alnitham|Cet
11.0504|-38.4217|5.90|1.144|λ2||Scl
11.1091|47.8640|5.66|-0.113|||Cas
11.1813|48.2844|4.48|-0.069|ο||Cas
11.1850|-22.0061|5.22|0.350|GJ31.3||
11.2377|-42.6766|5.94|0.297|||
11.3216|55.2214|5.41|0.022|||
11.4128|74.9881|5.64|0.078|||Cas
11.4400|-47.5520|5.80|0.635|GJ1021||
11.5490|-22.5221|5.49|0.978|||
11.6373|15.4755|5.36|1.559|||Psc
11.7561|11.9738|5.51|0.987|||Psc
11.8347|24.2672|4.08|1.100|ζ||And
11.8485|6.7410|5.98|0.941|||Psc
11.9301|-18.0613|5.70|1.300|||
11.9419|74.8476|5.42|-0.066|||Cas
12.0044|-21.7225|5.57|-0.058|||
12.0381|72.6745|5.86|1.010|||
12.0725|7.2999|5.92|1.104|||Psc
12.0957|5.2806|5.74|0.890|GJ33||
12.1476|-74.9234|5.09|1.345|λ||Hyi
12.1706|7.5851|4.44|1.500|δ|Kuton|Psc
12.2084|50.9682|4.90|-0.091|ν||Cas
12.2446|16.9406|5.07|0.502|||Psc
12.2762|57.8152|3.46|0.587|η|Achird|Cas
12.3081|-24.1367|5.90|0.944|||
12.3567|-13.5613|5.59|1.325|||
12.4535|41.0789|4.53|-0.136|ν||And
12.4715|27.7103|5.55|0.398|i||Psc
12.5316|-10.6443|5.17|0.514|φ2||Cet
12.6716|-50.9868|5.24|0.356|ρ||Phe
12.6817|64.2475|5.35|0.528|||
13.1693|-24.0058|5.47|1.275|||
13.2521|-1.1443|4.78|1.550|||Cet
13.2675|61.1240|4.80|0.540|GJ41||
13.4078|-62.8714|5.73|1.574|BQ||Tuc
13.6468|19.1884|5.80|-0.016|||Psc
13.7212|83.7074|5.59|0.105|||
13.7421|23.6283|5.46|1.012|||And
13.7507|58.9727|4.83|1.216|υ1||Cas
13.7513|-69.5271|5.45|1.095|λ2||Tuc
13.9267|-7.3471|5.88|1.520|||
14.0062|-11.2665|5.35|1.505|φ3||Cet
14.1663|59.1811|4.62|0.957|υ2|Castula|Cas
14.1772|60.7167|2.15|-0.046|γ|Navi|Cas
14.1884|38.4993|3.86|0.130|μ||And
14.1957|60.3628|5.56|-0.054|||
14.3017|23.4176|4.40|0.940|η||And
14.4590|28.9922|5.44|1.076|h||Psc
14.5592|33.9509|5.99|1.000|||
14.6294|66.3518|5.97|-0.008|||
14.6515|-29.3574|4.30|-0.154|α||Scl
14.6828|-11.3800|5.62|0.949|φ4||Cet
15.0148|44.7132|5.69|-0.010|||
15.3261|-38.9165|5.59|1.185|ξ||Scl
15.6101|-31.5520|5.50|0.083|σ||Scl
15.7046|31.8043|5.50|-0.043|σ||Psc
15.7050|-46.3973|5.39|0.900|||
15.7261|41.3452|5.95|0.161|||And
15.7359|7.8901|4.27|0.952|ε||Psc
15.7606|-4.8366|5.40|1.106|||Cet
15.9042|61.0748|5.92|0.512|||
16.0100|52.5022|5.99|1.447|||
16.0810|61.5802|5.83|0.569|||
16.2723|14.9461|5.64|0.420|||Psc
16.4206|21.4732|5.33|0.003|ψ1||Psc
16.4238|21.4654|5.55|-0.048|ψ1||Psc
16.5215|-9.8394|5.58|0.009|||Cet
16.5210|-46.7184|3.32|0.885|β||Phe
16.8278|-61.7753|5.36|0.884|ι||Tuc
16.9425|-9.7856|5.71|0.446|||Cet
16.9494|-41.4869|5.21|0.159|υ||Phe
16.9882|20.7391|5.56|0.121|ψ2||Psc
17.0035|43.9421|5.04|0.109|||And
17.0683|54.9203|5.17|0.704|μ|Marfak|Cas
17.0925|5.6498|5.51|0.334|e||Psc
17.0962|-55.2458|3.94|-0.120|ζ|Wurren|Phe
17.1394|58.2634|5.77|-0.019|||
17.1475|-10.1823|3.46|1.161|η|Dheneb|Cet
17.1870|86.2571|4.24|1.213|||UMi
17.3755|47.2418|4.26|0.012|φ||And
17.4330|35.6206|2.07|1.576|β|Mirach|And
17.4550|19.6584|5.57|0.697|ψ3||Psc
17.5781|42.0815|5.67|0.603|||And
17.5810|25.4578|5.81|1.466|||
17.6398|2.4457|5.97|1.491|||Cet
17.6638|68.7786|5.32|-0.014|||Cas
17.7757|55.1499|4.34|0.170|θ|Marfak|Cas
17.7782|31.4247|5.15|0.261|g||Psc
17.7928|37.7241|5.80|-0.095|||And
17.8565|64.2027|5.56|-0.052|||
17.8634|21.0347|4.66|1.024|χ||Psc
17.9152|30.0896|4.51|1.092|τ||Psc
17.9225|65.0189|5.57|-0.072|||Cas
17.9313|-2.2511|5.93|1.403|||Cet
18.0701|79.6740|5.60|0.008|||
18.1893|-37.8565|5.95|0.281|AI||Scl
18.4329|7.5754|5.21|0.320|ζ|Revati|Psc
18.4373|24.5837|4.67|1.047|φ||Psc
18.5318|16.1335|5.97|-0.082|||Psc
18.6002|-7.9228|5.14|0.448|||Cet
18.7049|-0.9738|5.70|0.428|||Cet
18.7963|-45.5317|4.97|0.571|ν||Phe
18.9423|-68.8759|4.25|0.480|κ||Tuc
19.0496|71.7438|5.87|2.042|V0762||Cas
19.1512|-2.5004|5.42|0.888|||Cet
19.4498|3.6145|5.13|0.071|f||Psc
19.8666|27.2641|4.74|0.032|υ||Psc
19.9512|-0.5090|5.87|0.635|||Cet
20.0205|58.2316|4.95|0.683|φ||Cas
20.2807|28.7382|5.23|1.396|l||Psc
20.5851|45.5288|4.87|1.077|ξ|Adhil|And
20.8540|20.4690|5.97|1.677|||
20.8790|-30.9456|5.84|1.612|||
20.9192|37.7149|5.60|0.276|||And
21.0059|-8.1833|3.60|1.065|θ|Al Naymat|Cet
21.0854|-6.9147|5.92|0.407|||
21.1699|-41.4925|5.42|1.030|||
21.2721|-64.3695|5.92|1.561|||
21.4051|-14.5988|4.90|1.231|||Cet
21.4540|60.2353|2.66|0.160|δ|Ruchbah|Cas
21.4834|68.1300|4.72|1.047|ψ||Cas
21.5636|19.1723|5.35|0.395|ρ||Psc
21.5779|43.4577|5.98|0.520|||
21.6737|19.2404|5.50|1.106|||Psc
21.7149|-13.0565|5.51|0.321|||Cet
21.9141|45.4067|4.83|0.421|ω||And
22.0914|-43.3182|3.41|1.542|γ||Phe
22.4006|-21.6293|5.11|0.028|||Cet
22.5254|47.0073|5.27|0.999|A|Thail|And
22.5463|6.1438|4.84|1.372|μ||Psc
22.5954|-26.2079|5.92|1.327|||
22.8073|70.2646|5.82|0.489|||Cas
22.8129|-49.0727|3.93|0.972|δ||Phe
22.8709|15.3458|3.62|0.974|η|Alpherg|Psc
22.9302|-30.2831|5.79|1.073|||
23.2336|-36.8652|5.49|1.021|||
23.3571|58.3273|5.69|1.435|||
23.4285|-7.0253|5.75|0.639|||
23.4828|59.2320|4.68|0.991|χ||Cas
23.5692|37.2371|5.90|-0.067|KK||And
23.6574|-15.6764|5.62|0.066|||Cet
23.7044|18.4605|5.90|1.536|||
23.9782|17.4338|5.95|0.259|||
23.9957|-15.4002|5.41|1.226|||Cet
24.0355|-29.9073|5.69|0.335|τ||Scl
24.1993|41.4055|4.10|0.536|υ|Titawin|And
24.2747|12.1415|5.54|0.347|π||Psc
24.3667|-84.7696|5.66|0.939|||
24.4285|-57.2368|0.45|-0.158|α|Achernar|Eri
24.4815|-82.9750|5.88|0.620|GJ67.1||
24.4982|48.6282|3.59|1.275||Nembus|And
24.5315|57.9776|5.55|1.388|||
24.6145|-36.5283|5.94|1.045|||
24.6288|73.0400|5.28|0.972|||Cas
24.7158|-21.2754|5.58|0.346|||
24.8375|44.3862|5.01|0.883|χ||And
24.9201|16.4059|5.98|1.119|||Psc
24.9481|-56.1964|5.76|0.880|p||Eri
25.1451|40.5770|4.96|-0.068|τ||And
25.1652|43.2977|5.63|0.214|||
25.3579|5.4876|4.45|1.347|ν||Psc
25.4135|30.0471|5.97|1.015|||
25.4368|-11.3247|5.75|0.443|||
25.4464|42.6134|4.96|0.618|GJ67||
25.4499|-60.7893|5.70|1.264|||
25.5125|-36.8323|5.70|-0.010|||
25.5145|35.2457|5.63|-0.059|||
25.5358|-32.3270|5.25|1.044|π||Scl
25.5855|68.0430|5.57|-0.049|||Cas
25.6221|-53.7408|5.52|0.551|q1||Eri
25.6240|20.2685|5.24|0.836|||Psc
25.6813|-3.6902|4.98|1.378|||
25.7328|70.6225|5.18|-0.022|||Cas
25.8323|60.5513|5.78|-0.010|||Cas
25.9152|50.6887|4.01|-0.098|φ||Per
26.0170|-15.9375|3.49|0.727|τ||Cet
26.3485|9.1577|4.26|0.942|ο|Torcular|Psc
26.4115|-25.0526|5.29|0.395|ε||Scl
26.4969|-5.7333|5.37|1.517|||
26.5249|-50.8163|5.49|1.615|||Phe
26.5261|-53.5220|5.04|0.031|q2||Eri
26.9368|63.8525|5.63|0.804|V0987||Cas
27.0456|16.9556|5.86|-0.039|||Ari
27.1084|3.6854|5.91|0.970|||
27.1622|37.9529|5.94|0.975|||
27.1732|32.6902|5.78|0.572|HD 11007||
27.3963|-10.6864|4.66|0.333|χ||Cet
27.5357|22.2753|5.83|0.743|||Ari
27.7166|11.0434|5.92|0.302|||Cet
27.7268|-50.2061|5.94|0.154|BD||Phe
27.7380|51.9334|5.96|0.419|||
27.8651|-10.3350|3.74|1.136|ζ|Baten Kaitos|Cet
27.9972|55.1474|5.53|-0.175|||Per
28.0390|50.7928|5.70|-0.067|||Per
28.2171|-16.9292|5.78|0.260|BK||Cet
28.2704|29.5788|3.42|0.488|α|Mothallah|Tri
28.3223|40.7298|5.42|1.311|||And
28.3826|19.2939|3.88|-0.047|γ1|Mesarthim|Ari
28.3890|3.1875|4.61|0.928|ξ||Psc
28.4114|-46.3027|4.39|1.597|ψ||Phe
28.5918|-42.4969|5.12|-0.060|φ||Phe
28.5989|63.6701|3.35|-0.150|ε|Segin|Cas
28.6600|20.8080|2.64|0.165|β|Sheratan|Ari
28.7339|-67.6473|4.68|0.931|η2||Hyi
28.9627|23.5773|5.76|1.185|||Ari
28.9770|37.2778|5.89|1.599|||
28.9895|-51.6089|3.69|0.844|χ||Eri
29.0001|68.6852|4.97|-0.084|ω||Cas
29.0390|37.2518|5.69|1.060|||And
29.1675|-22.5268|4.92|1.434|||Cet
29.2920|-47.3853|4.82|0.864|||
29.3377|17.8175|5.09|0.921|ι||Ari
29.4323|27.8044|5.84|1.576|||
29.4822|23.5961|4.79|0.290|λ||Ari
29.6396|49.2044|5.70|1.005|||Per
29.6925|-61.5699|2.86|0.290|α||Hyi
29.8987|21.0586|5.89|1.031|||
29.9085|64.6216|5.29|0.002|||
29.9117|-42.0305|5.57|1.052|||
29.9425|-20.8245|5.43|1.640|||Cet
30.0013|-21.0778|3.99|1.554|υ||Cet
30.0382|3.0970|5.89|0.610|||Psc
30.1118|-8.5239|5.43|1.391|AR||Cet
30.3113|-30.0018|5.34|0.883|π||For
30.4266|-44.7135|5.15|1.471|χ||Phe
30.4894|70.9070|4.49|0.164|A||Cas
30.5118|2.7638|3.82|0.024|α|Alrescha|Psc
30.5755|54.4875|4.99|-0.071|g||Per
30.6462|13.4767|5.97|1.584|||
30.7187|64.9015|6.00|0.029|||Cas
30.7415|33.2841|5.50|0.029|ε||Tri
30.7440|-15.3059|5.87|0.966|||
30.7508|64.3900|5.59|0.325|||Cas
30.7985|0.1285|5.42|0.146|||Cet
30.8588|72.4213|3.95|-0.002|||Cas
30.9139|25.9355|5.64|0.537|||Ari
30.9187|-4.1035|5.61|1.589|||
30.9507|-0.3403|5.96|0.851|||Cet
30.9748|42.3297|2.10|1.370|γ1|Almach|And
31.1227|-29.2968|4.68|-0.156|ν||For
31.2809|77.2813|5.27|0.345|||Cas
31.3815|76.1151|5.22|0.954|||Cas
31.6414|22.6483|5.03|0.121|κ||Ari
31.7934|23.4624|2.01|1.151|α|Hamal|Ari
32.1219|37.8591|4.78|0.120|||And
32.1691|58.4236|5.66|0.595|V0472||Per
32.2887|-43.5166|5.84|1.197|||
32.3556|25.9399|4.98|0.339|||Ari
32.3859|34.9873|3.00|0.140|β|Mizan|Tri
32.6567|19.5003|5.68|1.641|||Ari
32.8378|8.5698|5.64|0.569|||Cet
32.8426|-10.0522|6.00|0.418|||
32.8993|-1.8254|5.94|0.967|||Cet
33.0928|30.3031|4.94|0.770|||Tri
33.1564|24.1678|5.96|1.366|||
33.1981|-2.3936|5.65|0.546|||Cet
33.2004|21.2110|5.23|0.457|η||Ari
33.2270|-30.7238|5.27|-0.013|μ||For
33.2500|8.8467|4.36|0.878|ξ1|Al Kaff al Jidhmah|Cet
33.2541|-21.0001|5.86|1.006|||
33.2638|15.2799|5.72|1.551|||Ari
33.3055|44.2317|4.84|1.476|b||And
33.4014|51.0658|5.31|0.926|||Per
33.5606|-67.8414|5.57|1.556|π1||Hyi
33.6331|-41.1668|5.91|0.965|||
33.8693|-67.7464|5.67|1.306|π2||Hyi
33.9282|25.0430|5.57|0.520|||Ari
33.9419|25.7829|5.79|0.439|||Ari
33.9845|33.3589|5.25|-0.004|||Tri
34.1274|-51.5122|3.56|-0.120|φ||Eri
34.2460|-6.4221|5.51|0.962|||Cet
34.2635|34.2242|4.84|0.607|δ||Tri
34.3286|33.8472|4.03|0.019|γ||Tri
34.4995|57.8998|5.75|1.175|||Per
34.5060|1.7578|5.60|0.588|||
34.5191|57.5163|5.99|1.039|χ|Misam al Thurayya|Per
34.5314|19.9012|5.58|0.011|θ||Ari
34.7375|28.6427|5.29|0.037|||Tri
34.8200|47.3800|5.31|0.006|c||And
34.9761|-55.9448|5.81|1.570|||
35.2425|50.1515|5.57|-0.089|||And
35.4373|-68.6594|4.08|0.034|δ||Hyi
35.4859|0.3957|5.29|1.648|||Cet
35.5064|-10.7775|5.43|0.364|||
35.5208|-17.6622|5.89|1.231|||
35.5517|-0.8849|5.42|0.335|||Cet
35.5893|55.8457|5.16|0.369|i||Per
35.6356|-23.8163|5.19|0.608|κ||For
35.7096|41.3963|5.81|0.289|||
35.7179|-73.6458|5.99|1.088|κ||Hyi
35.7278|-51.0921|5.90|0.213|||
36.1038|50.0065|5.19|0.979|||And
36.2044|10.6106|5.48|-0.098|ξ||Ari
36.2246|-60.3119|5.36|0.395|λ||Hor
36.4059|50.2786|4.73|1.532|||And
36.4875|-12.2905|4.88|-0.027|ρ|Sadr al Kaitos|Cet
36.5015|-15.3412|5.88|0.116|AB||Cet
36.6467|-20.0426|5.89|1.247|||
36.7463|-47.7038|4.24|-0.136|κ||Eri
36.8657|31.8013|5.55|1.114|||Tri
37.0071|-33.8110|5.13|0.089|φ||For
37.0398|8.4601|4.30|-0.053|ξ2||Cet
37.0416|29.6693|5.29|0.311|||Tri
37.2021|29.9318|5.89|0.591|||Tri
37.2664|67.4025|4.46|0.153|ι||Cas
37.6348|25.2350|5.88|0.412|||
37.6883|0.2557|6.00|0.168|||
37.8754|2.2672|5.27|1.271|Wo9083||
37.9189|-79.1094|5.27|0.981|μ||Hyi
37.9545|89.2641|1.97|0.636|α|Polaris|UMi
38.0218|-15.2447|4.74|0.454|σ||Cet
38.0257|36.1473|5.15|1.472|||Tri
38.0393|-1.0349|5.36|1.004|||Cet
38.2192|34.5424|5.84|1.083|||
38.2256|15.0346|6.00|0.572|||Ari
38.2793|-34.6500|5.91|1.064|λ1||For
38.4613|-28.2323|4.96|-0.050|ω||For
38.6776|-7.8594|5.74|1.393|||Cet
38.9114|37.3123|5.72|1.389|||
38.9450|34.6876|5.38|1.652|||Tri
38.9686|5.5932|4.87|0.880|ν||Cet
39.0002|-7.8316|5.53|1.607|||Cet
39.0204|6.8869|5.79|0.918|GJ105A||
39.0386|-30.0450|5.74|1.017|ι1||For
39.1461|7.7300|5.81|1.040|||
39.1580|12.4476|5.64|0.516|||Ari
39.2383|38.7336|5.91|0.502|||
39.2442|-34.5780|5.78|0.653|λ2||For
39.3515|-52.5431|5.30|0.289|η||Hor
39.4003|65.7453|5.80|1.561|||
39.4242|-3.3962|5.65|1.021|||Cet
39.5085|72.8183|5.17|0.896|||
39.5778|-30.1941|5.84|0.476|ι2||For
39.7041|21.9614|5.45|0.168|ν||Ari
39.8707|0.3285|4.08|-0.212|δ||Cet
39.8910|-11.8722|4.83|0.447|ε||Cet
39.8973|-68.2669|4.12|-0.061|ε||Hyi
39.9500|-42.8917|4.74|0.061|s||Eri
40.0518|-9.4529|5.79|0.524|HD 16673||
40.1651|-54.5499|5.21|0.411|ζ||Hor
40.1668|-39.8554|4.11|1.006|ι||Eri
40.1711|27.0609|5.30|0.081||Barani|Ari
40.3083|-0.6957|5.72|0.511|||Cet
40.3922|-14.5493|5.98|0.429|||
40.5275|-38.3837|5.99|0.917|||
40.5621|40.1939|4.91|0.582|||Per
40.5914|20.0115|5.74|-0.017|μ|Koleon|Ari
40.6394|-50.8003|5.40|0.561|ι||Hor
40.7480|53.5261|5.85|1.125|||
40.7618|55.1060|5.76|-0.110|||Per
40.8252|3.2358|3.47|0.093|γ|Kaffaljidhma|Cet
40.8630|27.7071|4.65|-0.122|||Ari
41.0215|44.2970|5.43|0.904|||Per
41.0306|-13.8587|4.24|-0.122|π||Cet
41.0499|49.2284|4.10|0.514|θ||Per
41.1374|15.3119|5.78|-0.024|ο||Ari
41.2071|67.8246|5.95|0.136|||
41.2356|10.1141|4.27|0.311|μ||Cet
41.2399|12.4458|5.17|0.234|||Ari
41.2758|-18.5726|4.47|0.481|τ1||Eri
41.3645|-63.7046|5.73|0.932|γ||Hor
41.3860|-67.6166|4.83|0.058|ζ||Hyi
41.9488|81.4485|5.80|1.300|||
41.9773|29.2471|4.52|1.112||Lilii Borea|Ari
42.1337|18.2838|5.83|1.216|||Ari
42.1913|25.1881|5.89|-0.033|VZ||Ari
42.2562|-62.8065|5.25|0.101|ν||Hor
42.2726|-32.4059|4.45|0.981|β||For
42.3232|17.4643|5.26|-0.066|π|Al Butain|Ari
42.4758|-27.9420|5.39|0.013|γ2||For
42.4960|27.2605|3.61|-0.100|c|Bharani|Ari
42.5616|-35.8436|5.92|0.899|η2||For
42.6186|-75.0669|4.76|1.337|ν||Hyi
42.6461|38.3186|4.22|0.343|||Per
42.6684|-35.6758|5.48|1.259|η3||For
42.6742|55.8955|3.77|1.690|η|Miram|Per
42.7597|-21.0040|4.76|0.906|τ2|Angetenar|Eri
42.8733|15.0821|5.52|-0.099|σ||Ari
42.8785|35.0597|4.56|1.554|||Per
42.9239|46.8419|5.86|0.903|||
42.9948|68.8885|5.94|0.700|SU||Cas
43.3933|-38.4370|5.93|0.437|ψ||For
43.3972|-22.3763|5.93|1.041|||
43.4276|38.3375|5.34|0.423|||Per
43.5644|52.7625|3.93|0.758|τ||Per
43.9521|18.3316|5.76|1.452|||Ari
43.9872|61.5211|5.59|0.445|HD 17948||
44.0574|8.3816|5.97|0.478|||
44.1069|-8.8981|3.89|1.088|η|Azha|Eri
44.1090|18.0231|5.58|0.471|ρ||Ari
44.1559|-3.7123|5.16|0.084|||
44.3220|31.9342|5.10|-0.007|||Per
44.3490|-23.8622|5.44|0.238|||Eri
44.5218|20.6687|5.80|0.415|||Ari
44.5239|-23.6060|5.82|1.334|||Eri
44.5653|-40.3047|2.88|0.128|θ1|Acamar|Eri
44.6753|-2.7829|5.22|0.014|||
44.6903|39.6627|4.68|0.065|π|Gorgonea Secunda|Per
44.6992|-64.0713|4.98|0.126|β||Hor
44.7653|35.1831|4.94|1.235|||Per
44.8030|21.3404|4.63|0.048|ε||Ari
44.9008|-25.2741|5.69|0.427|ζ||For
44.9162|41.0329|5.89|1.445|||
44.9215|-2.4650|5.56|-0.072|||Eri
44.9288|8.9074|4.71|-0.109|λ|Menkar|Cet
44.9575|47.2207|5.47|0.869|||
45.1839|10.8704|5.93|1.593|||
45.2176|52.3517|5.24|-0.049|||
45.2918|-7.6630|5.75|1.043|ρ1|Aludhi|Eri
45.4068|-28.0916|5.88|0.794|ε||For
45.4756|26.4624|5.91|0.141|||Ari
45.4838|-9.9614|5.84|1.092|||
45.5644|-71.9025|5.51|-0.125|θ||Hyi
45.5699|4.0897|2.54|1.630|α|Menkar|Cet
45.5938|4.3529|5.62|-0.107|||Cet
45.5979|-23.6245|4.08|0.163|τ3||Eri
45.6761|-7.6855|5.32|0.941|ρ2||Eri
45.7328|-46.9750|5.81|1.304|||
45.9034|-59.7378|5.12|0.349|μ||Hor
46.0688|-7.6009|5.26|0.193|ρ3||Eri
46.1991|53.5064|2.91|0.716|γ||Per
46.2941|38.8403|3.32|1.528|ρ|Gorgonea Tertia|Per
46.3612|25.2552|5.45|-0.031|||Ari
46.3850|56.7057|4.77|1.018|k||Per
46.5327|79.4185|5.49|1.569|||
46.5987|13.1873|5.64|1.087|||
46.6396|-6.0886|5.23|1.575|||
46.8292|64.0576|5.89|-0.020|||
46.8839|-78.9892|5.67|0.298|BN||Hyi
47.0422|40.9556|2.09|-0.003|β|Algol|Per
47.2667|49.6133|4.05|0.595|ι||Per
47.3740|44.8575|3.79|0.980|κ|Misam|Per
47.4031|29.0771|5.74|0.115|||Ari
47.6616|11.8726|5.97|-0.061|||
47.8224|39.6116|4.61|1.115|ω|Gorgonea Quarta|Per
47.9074|19.7267|4.35|1.033|δ|Botein|Ari
47.9278|81.4707|5.92|0.149|||
47.9845|74.3937|4.85|0.035|||
48.0189|-28.9876|3.80|0.543|α|Dalim|For
48.0594|27.2570|5.78|-0.106|||Ari
48.1073|-44.4197|5.92|0.440|||
48.1099|6.6609|5.55|1.011|EL||Cet
48.1382|-57.3215|5.71|2.419|TW||Hor
48.1935|-1.1961|5.07|0.575|||Cet
48.3495|48.1770|5.93|0.972|||
48.7254|21.0444|4.87|-0.007|ζ||Ari
48.8352|30.5567|5.61|0.012|||
48.9499|57.1406|5.79|0.644|||
48.9584|-8.8197|4.80|0.232|ζ|Zibal|Eri
48.9903|-77.3885|5.51|0.438|ι||Hyi
49.0508|50.9377|5.04|1.107|||
49.1466|32.1840|5.98|0.988|V0573||Per
49.3608|-47.7517|5.84|1.228|||
49.4423|-62.5753|5.53|0.641|ζ1||Ret
49.4406|39.2834|5.97|0.056|||
49.4473|44.0250|5.49|-0.060|||Per
49.5108|-28.7971|5.93|0.337|||
49.5534|-62.5064|5.24|0.600|ζ2||Ret
49.5921|-22.5111|4.86|0.904|||Eri
49.5934|-0.9303|5.62|1.050|||Cet
49.6573|50.2222|5.16|-0.073|||Per
49.6715|-18.5598|5.72|0.381|||
49.6826|34.2227|4.85|1.491|||
49.7818|50.0950|5.05|-0.067|||Per
49.8404|3.3702|4.84|0.681|κ||Cet
49.8792|-21.7579|3.70|1.614|τ4|Angetenar|Eri
49.8954|-24.1229|5.63|1.663|||
49.9819|-43.0698|4.26|0.711|e||Eri
49.9825|27.0711|5.91|0.860|||Ari
49.9970|65.6523|4.74|-0.108|BK||Cam
50.0823|77.7347|5.44|0.211|||
50.0848|29.0485|4.47|1.555|||
50.2783|3.6756|5.70|0.964|||Cet
50.3068|21.1471|5.27|-0.067|τ||Ari
50.3500|-23.6351|5.50|0.885|||
50.3607|43.3297|4.96|0.051|l||Per
50.4689|49.0709|5.94|0.468|||
50.5496|27.6076|5.55|1.100|||Ari
50.6885|20.7421|5.10|1.231|||Ari
50.8050|49.2133|5.32|-0.076|V0575||Per
51.0770|24.7241|5.50|1.190|||Ari
51.0807|49.8612|1.79|0.481|α|Mirfak|Per
51.1238|33.5360|5.78|-0.001|||
51.1690|64.5860|5.13|2.038|CQ||Cam
51.2033|9.0289|3.61|0.887|ο||Tau
51.4011|-69.3364|5.96|0.415|||
51.5939|-27.3175|5.93|0.934|||
51.7923|9.7327|3.73|-0.082|ξ||Tau
51.8893|-35.6813|5.71|1.284|χ2||For
52.0039|-11.2866|5.74|1.102|||
52.0128|49.0629|4.99|-0.091|||
52.0862|33.8076|5.72|0.048|||
52.2180|49.8484|5.58|-0.054|||
52.2672|59.9403|4.21|0.419|CS||Cam
52.3419|49.5089|4.67|-0.096|||Per
52.3445|-62.9375|4.71|0.410|κ||Ret
52.4001|-12.6747|5.57|0.171|||
52.4781|58.8787|4.55|0.489|CE||Cam
52.4798|-42.6343|5.76|0.205|||
52.4954|-78.3518|5.68|0.932|||
52.5008|55.4518|5.09|0.022|||
52.6020|11.3364|5.14|-0.041|s||Tau
52.6437|47.9952|4.36|1.367|σ||Per
52.6540|-47.3751|5.98|0.116|TU||Hor
52.6540|48.1036|5.82|-0.033|||
52.6544|-5.0751|4.74|-0.092|v||Eri
52.6892|6.1887|5.93|0.953|||
52.7154|-66.4897|5.81|-0.055|||
52.7182|12.9367|4.14|1.112|f||Tau
53.0358|48.0235|5.47|-0.101|V0396||Per
53.0839|84.9110|5.62|0.894|||
53.1094|46.0569|5.30|0.398|||Per
53.1450|-50.3786|5.67|1.101|||
53.1498|9.3734|5.76|-0.072|t||Tau
53.1667|35.4617|5.91|-0.084|||
53.2327|-9.4583|3.72|0.881|ε|Ran|Eri
53.3960|39.8995|5.79|0.139|IW||Per
53.4127|54.9749|5.98|0.114|||
53.4470|-21.6329|4.26|-0.106|τ5||Eri
53.6109|24.4644|5.95|0.123|||Tau
53.9903|-11.1938|5.56|0.915|||
54.0726|-17.4671|5.24|-0.117|||Eri
54.1224|48.1926|4.32|-0.058|ψ||Per
54.1970|0.5878|5.82|0.885|V0711||Tau
54.2183|0.4017|4.29|0.575|||Tau
54.2737|-40.2745|4.57|1.023|y||Eri
54.6219|-7.3919|5.86|0.980|||
54.7547|-5.6262|5.97|0.921|||Eri
54.9630|3.0569|5.55|0.931|||Tau
55.1597|-5.2107|5.53|-0.145|||Eri
55.2827|37.5802|5.55|-0.062|||
55.5389|63.2168|5.06|1.651|BD||Cam
55.5621|-31.9384|4.99|-0.159|δ||For
55.5790|19.7003|5.68|-0.016|||Tau
55.5944|33.9650|4.97|-0.048|o||Per
55.6781|59.9694|5.74|1.736|||
55.7086|-37.3135|4.59|1.191|h||Eri
55.7313|47.7876|3.01|-0.125|δ||Per
55.8121|-9.7634|3.52|0.915|δ|Rana|Eri
55.8910|-10.4857|5.59|0.216|||
56.0499|-64.8069|3.84|1.133|β||Ret
56.0797|32.2882|3.84|0.022|ο|Atik|Per
56.1271|-1.1631|5.24|-0.088|||Eri
56.1310|36.4601|5.60|0.062|||
56.2009|24.2895|5.45|-0.034||Celaeno|Tau
56.2189|24.1133|3.72|-0.105||Electra|Tau
56.2354|-0.2967|5.56|1.411|||Eri
56.2906|24.8393|5.66|-0.064|||Tau
56.2985|42.5785|3.77|0.425|ν||Per
56.3021|24.4673|4.30|-0.110|q|Taygeta|Tau
56.3162|-47.3595|5.72|0.961|||
56.4185|6.0500|5.34|-0.099|u||Tau
56.4567|24.3677|3.87|-0.063||Maia|Tau
56.4770|24.5545|5.76|-0.036||Asterope|Tau
56.4969|45.6819|5.66|-0.080|||
56.5039|67.2016|5.79|0.347|||
56.5097|63.3450|4.78|0.747|||
56.5356|-12.1016|4.43|1.604|π||Eri
56.5390|6.8035|5.91|0.992|||
56.5816|23.9484|4.14|-0.051||Merope|Tau
56.6143|-29.3382|5.91|0.110|σ||For
56.7120|-23.2497|4.22|0.434|τ6||Eri
56.8098|-74.2390|3.26|1.590|γ||Hyi
56.8712|24.1051|2.85|-0.086|η|Alcyone|Tau
56.9152|-23.8747|5.24|0.075|τ7||Eri
56.9835|-30.1679|5.52|0.973|ρ||For
57.0678|11.1433|5.08|-0.125|e||Tau
57.0867|23.4212|5.44|-0.067|||
57.1495|-37.6202|4.30|-0.038|f||Eri
57.1488|-20.9030|5.81|1.602|||
57.1623|0.2279|5.91|1.224|||
57.2838|43.9631|5.95|0.279|V0376||Per
57.2906|24.0534|3.62|-0.070||Atlas|Tau
57.2967|24.1367|5.05|-0.082||Pleione|Tau
57.3072|70.8710|5.40|0.096|||
57.3635|-36.2003|4.17|0.927|g||Eri
57.3803|65.5260|4.39|1.870|BE||Cam
57.3862|33.0914|5.14|0.057|n||Per
57.4025|63.2970|5.82|0.189|||
57.5184|44.9679|5.65|0.779|||
57.5789|25.5794|5.24|0.231|||
57.5896|71.3323|4.59|0.064|γ||Cam
57.9738|34.3591|5.78|-0.036|||
58.0010|6.5349|5.66|0.046|||Tau
58.1736|-5.3613|5.48|-0.090|||Eri
58.2919|17.3271|5.97|0.354|||
58.3888|-46.8937|5.93|1.220|||
58.4113|48.6505|5.76|1.040|||
58.4123|-34.7323|5.11|-0.133|i||Eri
58.4279|-24.6122|4.64|-0.136|τ8||Eri
58.4304|57.9751|5.80|0.182|||
58.5330|31.8836|2.84|0.271|ζ|Atik|Per
58.5729|-2.9547|4.46|0.672|w||Eri
58.5965|-40.3570|5.70|0.599|||
58.8172|-12.0991|5.99|0.323|DO||Eri
58.9924|47.8714|5.39|-0.073|||
59.1195|35.0809|5.49|-0.058|||
59.1522|50.6954|5.28|0.425|A||Per
59.2170|22.4780|5.62|0.345|||Tau
59.2845|61.1089|4.99|1.435|||
59.3560|63.0723|4.95|-0.074|||
59.4635|40.0102|2.90|-0.199|ε||Per
59.5074|-13.5085|2.97|1.588|γ|Zaurak|Eri
59.6865|-61.4002|4.56|1.590|δ||Ret
59.7183|-5.4699|5.85|1.001|||
59.7413|35.7910|3.98|0.016|ξ|Menkib|Per
59.8755|-12.5744|5.61|1.479|||
59.9812|-24.0162|4.62|-0.121|τ9||Eri
60.1694|-30.4907|5.93|0.036|||
60.1701|12.4903|3.41|-0.099|λ||Tau
60.2032|18.1940|5.89|0.319|||
60.2242|-62.1593|4.48|1.500|γ||Ret
60.3256|-61.0788|4.97|1.386|ι||Ret
60.3835|-1.5497|5.28|-0.133|||Eri
60.4422|9.9980|5.67|0.005|||
60.6531|-0.2689|5.38|0.516|GJ159||
60.7891|5.9893|3.91|0.032|ν||Tau
60.9359|5.4356|5.32|-0.080|||Tau
60.9859|8.1973|5.45|0.371|||
61.0411|2.8269|5.36|0.505|||
61.0903|24.1060|5.46|0.813|||Tau
61.0946|-12.7923|5.62|1.062|||
61.1132|59.1555|5.00|0.495|||
61.1738|22.0819|4.36|1.064|A1||Tau
61.3344|22.0089|5.90|0.620|A2||Tau
61.4060|-27.6518|5.59|0.324|Wo9143||
61.5133|68.6800|5.88|1.543|||
61.6460|50.3513|4.25|-0.011|λ||Per
61.6517|27.5999|5.18|-0.124|||Tau
61.7519|29.0013|5.21|0.359|ψ||Tau
61.9976|17.3399|5.89|1.497|||
62.1526|38.0397|5.52|0.520|||Per
62.1654|47.7125|3.96|-0.025|c|Nembus|Per
62.2565|13.3983|5.94|0.052|||
62.2915|19.6092|5.51|1.077|||Tau
62.3243|-16.3859|5.45|-0.147|||
62.5068|86.6261|5.84|0.393|||
62.5114|80.6987|5.10|0.589|||
62.5938|-6.9239|5.44|0.941|||Eri
62.6990|-8.8198|5.70|1.057|||
62.7078|26.4810|5.39|0.352|p||Tau
62.7108|-41.9936|4.93|0.334|δ||Hor
62.7459|33.5868|5.75|1.412|||
62.8345|5.5230|5.71|0.360|||Tau
62.9008|-20.3562|5.80|0.165|||
62.9664|-6.8376|4.04|0.327|ο1|Beid|Eri
63.3879|7.7160|5.29|0.366|||Tau
63.4849|9.2638|4.84|0.799|||Tau
63.5005|-42.2944|3.85|1.085|α||Hor
63.5987|-10.2563|4.87|1.156|A||Eri
63.6062|-62.4739|3.33|0.915|α||Ret
63.6510|10.0114|5.22|-0.085|||
63.7023|-62.1918|5.45|1.106|||
63.7222|40.4837|4.67|1.007|f||Per
63.7244|48.4093|4.12|0.935|μ||Per
63.8180|-7.6529|4.43|0.820|ο2|Keid|Eri
63.8836|8.8924|4.27|-0.054|μ||Tau
64.0066|-51.4866|4.26|0.312|γ||Dor
64.1210|-59.3022|4.44|1.078|ε||Ret
64.1795|53.6118|5.20|0.052|||
64.2231|61.8500|5.69|-0.116|||
64.2837|57.8604|5.72|1.108|||
64.3153|20.5786|4.93|0.259|ω||Tau
64.3301|-6.4722|5.95|1.078|||
64.4178|-63.2554|5.88|-0.061|θ||Ret
64.4736|-33.7983|3.55|-0.108|υ4|Beemim|Eri
64.4970|-80.2140|5.67|0.836|δ||Men
64.5609|50.2955|4.60|0.043|b||Per
64.5670|-20.7153|6.00|1.597|||
64.5967|21.5793|5.64|0.277|||Tau
64.8052|50.0487|5.46|0.235|||
64.8196|-44.2679|5.33|1.066|||
64.8587|21.1423|5.50|-0.069|||Tau
64.9029|21.7735|5.34|-0.107|||Tau
64.9483|15.6276|3.65|0.981|γ|Prima Hyadum|Tau
64.9904|14.0352|5.58|0.283|h||Tau
65.0480|50.9209|5.55|-0.031|b2||Per
65.0601|41.8081|5.95|0.962|||
65.0884|27.3508|4.97|1.150|φ|Alkalbain|Tau
65.1027|34.5667|4.93|0.950|||Per
65.1513|15.0955|5.26|0.225|||Tau
65.1626|-20.6396|5.38|-0.027|||
65.1680|65.1404|5.26|0.820|||
65.1719|6.1308|5.76|0.914|||
65.1785|-7.5925|5.85|-0.124|d||Eri
65.2419|-81.5799|5.78|0.359|ν||Men
65.3627|-0.0982|5.86|1.320|||
65.3882|46.4989|4.80|-0.022|d||Per
65.4485|60.7356|5.40|1.497|||
65.4659|56.5063|5.91|0.112|||
65.4722|-63.3864|5.24|0.955|η||Ret
65.5147|14.0772|5.72|0.315|||Tau
65.5947|20.8214|5.91|1.660|||
65.6456|25.6293|5.38|-0.041|χ||Tau
65.7337|17.5425|3.77|0.983|δ|Secunda Hyadum|Tau
65.7736|-24.8922|5.81|1.507|||
65.8544|16.7773|5.64|0.310|||Tau
65.8849|20.9820|6.00|0.029|V1141||Tau
65.9202|-3.7455|5.17|0.072|ξ||Eri
65.9659|9.4610|5.10|0.074|r||Tau
66.0092|-34.0168|3.97|1.468|undefined3|Beemim|Eri
66.0240|17.4441|4.80|0.154|||Tau
66.1215|34.1308|5.73|-0.054|||Per
66.1561|33.9597|5.77|0.400|||Per
66.2380|19.0420|5.97|0.378|||
66.2722|-61.2382|5.94|1.533|||
66.3424|22.2939|4.21|0.136|κ||Tau
66.3542|22.2000|5.27|0.250|||Tau
66.3724|17.9279|4.30|0.049|||Tau
66.5263|31.4389|5.29|0.986|||
66.5769|22.8136|4.28|0.263|υ||Tau
66.5864|15.6183|4.48|0.262|||Tau
66.6516|14.7138|4.69|0.979|π||Tau
66.7623|80.8242|5.42|1.179|||
66.8227|22.9963|5.53|-0.098|||Tau
66.8699|11.2123|5.87|0.049|||
66.9418|-62.5212|5.74|1.005|||
67.0033|21.6199|5.72|0.270|||
67.0553|83.8078|5.51|-0.106|V0408||Cep
67.0975|14.7410|5.90|0.325|||Tau
67.1099|16.3597|4.96|1.137|||Tau
67.1338|1.3808|5.53|-0.099|||Eri
67.1437|15.9622|3.84|0.952|θ1||Tau
67.1542|19.1804|3.53|1.014|ε|Ain|Tau
67.1627|-19.4589|5.95|1.215|||
67.1656|15.8709|3.40|0.179|θ2|Chamukuy|Tau
67.2090|13.0476|5.02|0.215|b||Tau
67.2789|-13.0484|5.61|-0.202|DU||Eri
67.5015|83.3404|5.47|0.855|||
67.5358|15.6378|5.58|0.324|||Tau
67.6401|16.1940|4.78|0.170|GJ170.1||
67.6557|13.7244|5.40|0.263|||Tau
67.6620|15.6919|5.47|0.258|||Tau
67.6680|-35.6535|5.95|1.005|||
67.7087|-44.9537|5.07|-0.194|δ||Cae
67.9694|-0.0440|4.91|1.320|||Eri
68.0077|53.9108|5.78|0.119|||Cam
68.1565|-3.2095|5.76|-0.117|DZ||Eri
68.3778|72.5286|5.94|0.306|||
68.3773|-29.7665|4.49|0.972|υ1|Beemim|Eri
68.3915|-62.8237|5.79|1.028|||
68.4622|14.8444|4.65|0.255|ρ||Tau
68.4780|-6.7389|5.71|-0.128|||Eri
68.4991|-55.0450|3.30|-0.079|α||Dor
68.5344|5.5686|5.67|0.055|||
68.5485|-8.2314|5.20|1.708|||Eri
68.5490|-8.9703|5.24|1.465|||
68.6583|28.9612|5.88|-0.048|||
68.8877|-30.5623|3.81|0.957|υ2|Theemin|Eri
68.9136|10.1608|4.25|0.184|d||Tau
68.9802|16.5093|0.87|1.538|α|Aldebaran|Tau
69.0798|-3.3525|3.93|-0.210|ν||Eri
69.1008|64.2616|5.91|-0.009|||
69.1726|41.2648|4.25|1.171|e||Per
69.1900|-62.0772|5.59|1.500|R||Dor
69.3070|0.9983|5.32|-0.107|||Eri
69.4005|-2.4735|5.22|0.283|c||Eri
69.5394|16.0333|5.78|0.312|||Tau
69.5394|12.5108|4.27|0.122|c1||Tau
69.5451|-14.3040|3.86|1.082|l|Sceptrum|Eri
69.5660|20.6847|5.85|-0.019|HU||Tau
69.7231|-12.1231|4.99|0.074|||
69.7757|7.8710|5.38|0.257|||
69.7884|15.7998|5.08|0.141|σ1||Tau
69.8188|15.9180|4.67|0.147|σ2||Tau
69.8321|-14.3592|5.46|1.054|||
69.9778|53.0795|5.07|1.079|||Cam
69.9920|53.4730|5.36|0.331|||Cam
70.0142|12.1976|5.45|-0.121|||Tau
70.0283|-24.4824|5.56|0.926|||
70.1105|-19.6715|4.32|1.599|||Eri
70.1405|-41.8638|4.44|0.342|α||Cae
70.3323|28.6150|5.73|0.018|||
70.3505|48.3009|5.66|0.002|||
70.4594|38.2802|5.97|0.593|||
70.5145|-37.1443|5.04|0.391|β||Cae
70.5613|22.9569|4.27|-0.112|τ||Tau
70.6934|-50.4813|5.30|0.977|λ||Pic
70.7264|43.3651|5.30|0.028|||Per
70.7665|-70.9310|5.53|-0.114|μ||Men
70.7887|-30.7656|5.66|1.391|||
70.8400|49.9738|5.86|0.013|||
70.8948|-8.7943|5.98|0.645|||Eri
71.0222|-8.5036|5.78|-0.076|||Eri
71.0333|-18.6666|5.53|0.025|||
71.0881|-59.7327|5.28|0.206|κ||Dor
71.1076|11.1461|5.39|0.251|||
71.2673|-21.2834|5.72|1.476|||
71.3756|-3.2547|4.01|-0.148|μ||Eri
71.5073|11.7056|5.35|0.197|||
71.5701|18.7347|5.99|1.221|||
71.6853|40.3126|5.99|0.934|||
71.9012|-16.9345|5.49|0.632|||Eri
72.0011|56.7572|5.29|0.246|||Cam
72.1356|-16.3295|5.76|0.537|||Eri
72.1516|-5.6740|5.77|0.631|||
72.2098|75.9412|5.96|0.283|||
72.3035|31.4374|5.57|1.132|||
72.3295|32.5882|5.84|0.250|||
72.4600|6.9613|3.19|0.484|π3|Tabit|Ori
72.4777|37.4883|4.89|1.447|||Aur
72.5484|-16.2172|5.03|0.992|||Eri
72.6530|8.9002|4.35|0.010|π2|Al Taj|Ori
72.7305|-53.4615|5.58|0.341|ι||Pic
72.7889|48.7407|5.64|1.013|||
72.8015|5.6051|3.68|-0.157|π4||Ori
72.8436|18.8399|5.08|0.214|i||Tau
72.8676|-34.9063|5.82|0.105|||
73.0217|63.5054|5.47|1.559|||
73.1332|14.2506|4.71|1.773|ο1|Al Kumm|Ori
73.1583|36.7032|4.79|1.414|||Aur
73.1963|27.8975|5.97|0.368|||
73.1990|42.5866|5.68|0.115|||
73.2236|-5.4527|4.36|0.257|ω||Eri
73.3449|2.5082|5.33|1.632|||Ori
73.5125|66.3427|4.26|-0.008|α||Cam
73.5629|2.4407|3.71|-0.179|π5||Ori
73.6954|11.4260|5.18|0.121|g|Manica|Ori
73.6991|7.7791|5.33|1.214|||
73.7113|0.4672|5.98|-0.116|||
73.7239|10.1508|4.64|0.085|π1||Ori
73.7630|55.2591|5.52|0.015|||Cam
73.7784|-16.7407|5.71|0.953|||
73.7967|-74.9369|5.47|1.518|η||Men
73.8277|-16.4178|5.71|0.874|R||Eri
73.9590|15.0403|5.79|-0.085|||
74.0295|52.8698|5.75|0.105|||
74.0928|13.5145|4.06|1.158|ο2||Ori
74.1008|-5.1714|5.50|-0.123|b||Eri
74.2484|33.1661|2.69|1.490|ι|Hassaleh|Aur
74.3217|53.7521|4.43|-0.017|||Cam
74.3431|17.1537|5.51|1.304|||
74.4527|23.9486|5.79|1.109|||Tau
74.5391|25.0504|5.79|0.018|k||Tau
74.6371|1.7140|4.47|1.369|π6||Ori
74.7124|-82.4705|5.84|0.932|ξ||Men
74.7557|-16.3760|5.65|0.447|||
74.8142|37.8902|4.93|0.037|||Aur
74.9602|-10.2633|5.39|0.797|||Eri
74.9822|-12.5374|4.78|0.267|||Eri
75.0764|39.3947|5.95|0.415|||Aur
75.0863|81.1941|5.09|1.304|||
75.3566|-20.0519|4.91|-0.047|||
75.3598|-7.1740|4.80|-0.164|ψ|Kursi al Jauzah|Eri
75.4598|0.7221|5.91|1.267|||
75.4922|43.8233|3.03|0.537|ε|Almaaz|Aur
75.5409|-26.2750|5.01|1.056|||
75.5950|-31.7713|5.92|1.170|||
75.6195|41.0758|3.69|1.154|ζ|Saclateni|Aur
75.6792|-71.3143|5.30|0.996|β||Men
75.6874|-22.7951|5.74|1.188|||Lep
75.6891|-4.2101|5.86|1.212|||
75.7029|-49.1514|5.37|0.421|η1||Pic
75.7739|21.5900|4.62|0.155|ι||Tau
75.8545|60.4422|4.03|0.921|β||Cam
75.9720|-24.3882|5.61|0.094|||
76.1017|-35.4830|4.55|1.177|γ||Cae
76.1423|15.4041|4.65|-0.064|||Ori
76.2417|-49.5778|5.05|1.484|η2||Pic
76.3175|-26.1524|5.71|1.166|||
76.3653|-22.3710|3.19|1.460|ε||Lep
76.3777|-57.4727|4.71|0.526|ζ||Dor
76.5352|58.9724|5.22|-0.080|||Cam
76.6238|61.1698|6.00|1.380|||
76.6287|41.2345|3.18|-0.148|η|Haedus|Aur
76.6693|51.5977|4.98|0.343|||Aur
76.6902|-4.6552|5.12|-0.059|||Eri
76.8540|-12.4913|5.97|0.606|||
76.8625|18.6451|4.91|0.657|m||Tau
76.8918|-63.3997|5.19|1.646|WZ||Dor
76.9517|20.4184|5.28|0.118|l||Tau
76.9624|-5.0864|2.78|0.161|β|Cursa|Eri
76.9704|8.4984|5.33|0.338|i||Ori
76.9810|21.7048|5.84|0.168|||Tau
77.0276|24.2652|5.50|0.030|||Tau
77.0841|-8.6653|5.80|-0.059|||
77.1821|-4.4562|5.11|0.455|||Eri
77.2866|-8.7541|4.25|-0.187|λ||Eri
77.3318|9.8296|5.43|0.249|h||Ori
77.4248|15.5972|4.81|0.313|||Ori
77.4379|28.0305|5.93|0.311|V1156||Tau
77.6788|46.9621|5.67|0.452|||
77.8299|-2.4908|5.89|0.462|||
77.8453|-11.8491|5.60|1.350|RX||Lep
77.9232|16.0457|5.18|1.525|||
77.9390|1.0370|5.88|0.662|||
78.0746|-11.8692|4.45|-0.099|ι||Lep
78.0936|73.9467|5.44|-0.108|BN||Cam
78.2005|-6.0572|5.90|0.960|||
78.2329|-16.2055|3.29|-0.110|μ||Lep
78.3078|-12.9413|4.36|-0.094|κ||Lep
78.3228|2.8613|4.46|1.166|ρ||Ori
78.3572|38.4845|4.82|0.189|μ|Alhiba|Aur
78.4394|-67.1853|4.81|1.274|θ||Dor
78.6202|-35.9770|5.75|1.009|||
78.6345|-8.2016|0.18|-0.030|β|Rigel|Ori
78.6835|5.1562|5.50|1.369|||
78.8516|32.6876|5.01|0.222|||Aur
78.8516|-26.9435|5.06|-0.067|||
79.0172|11.3414|5.52|-0.012|||Ori
79.0756|34.3123|5.99|0.199|AE||Aur
79.1723|45.9980|0.08|0.795|α|Capella|Aur
79.3712|-34.8952|4.81|0.987|ο||Col
79.4016|-6.8444|3.59|-0.115|τ||Ori
79.4177|-13.5198|5.48|0.932|||
79.5440|33.3716|4.54|1.252|||Aur
79.5552|73.2681|5.81|-0.023|||
79.5654|42.7921|5.55|1.492|PU||Aur
79.7103|-18.1301|5.96|0.572|GJ198||
79.7501|33.7484|5.38|-0.167|IQ||Aur
79.7853|40.0991|4.69|0.630|λ||Aur
79.7967|2.5958|5.34|0.412|||Ori
79.8192|22.0965|4.96|0.937|n||Tau
79.8422|-50.6060|5.44|0.517|ζ||Pic
79.8487|-27.3689|5.98|-0.022|||
79.8939|-13.1768|4.29|-0.235|λ||Lep
79.9959|-12.3156|5.29|-0.104|ν||Lep
80.0038|33.9581|5.05|0.287|||Aur
80.0611|41.0862|5.46|0.122|||
80.0942|62.6537|5.64|1.728|||
80.1122|-21.2398|4.70|-0.048|||
80.3029|29.5699|5.66|0.060|||
80.3827|-0.4165|5.68|-0.125|||
80.4315|8.4286|5.78|-0.114|||
80.4406|-0.3825|4.72|-0.168|o||Ori
80.4427|-24.7730|5.06|0.662|||
80.4517|41.8046|5.22|-0.129|ρ||Aur
80.6397|79.2311|5.08|0.506|GJ196||
80.7083|3.5445|4.99|-0.096|m||Ori
80.7096|41.0293|5.54|0.127|||
80.8271|-8.4156|5.99|-0.037|||
80.8501|-39.6784|5.73|1.626|SW||Col
80.8660|57.5444|5.24|-0.011|||Cam
80.8757|-13.9274|5.25|-0.219|||Lep
80.9263|-0.1598|5.69|-0.208|||
80.9868|-7.8081|4.13|0.943|e||Ori
81.1061|17.3835|5.00|0.544|||Tau
81.1187|-16.9758|5.64|-0.001|||
81.1192|-2.3971|3.35|-0.240|η|Saif al Jabbar|Ori
81.1205|-0.8913|5.07|0.961|p||Ori
81.1605|31.1431|5.94|0.034|||
81.1631|37.3853|5.02|1.445|σ||Aur
81.1868|1.8464|4.89|-0.200|||Ori
81.2573|-10.3289|5.60|1.543|||
81.2828|6.3497|1.64|-0.224|γ|Bellatrix|Ori
81.4993|-19.6954|5.78|0.441|||
81.5730|28.6075|1.65|-0.130|β|Elnath|Tau
81.5803|-58.9125|5.14|0.986|λ||Dor
81.7033|34.3918|5.92|0.138|||
81.7093|3.0957|4.59|-0.199|ψ||Ori
81.7722|-40.9435|5.86|0.239|||
81.7845|30.2086|5.69|0.175|||
81.7921|17.9622|5.40|-0.090|||Tau
81.9087|21.9370|4.88|-0.140|o||Tau
81.9120|34.4759|5.08|1.400|φ||Aur
81.9400|15.8741|5.52|0.015|||Tau
82.0067|17.2391|5.77|1.634|||Tau
82.0613|-20.7594|2.81|0.807|β|Nihal|Lep
82.0639|-37.2308|5.56|0.026|||
82.3188|25.1502|5.47|-0.042|||Tau
82.3487|-3.4464|5.80|1.149|||
82.4333|-1.0922|4.71|1.592|||Ori
82.4782|1.7893|5.77|-0.192|||
82.5395|-47.0777|5.46|0.615|||
82.5425|63.0672|5.43|1.704|||Cam
82.6090|15.3604|5.93|0.103|||
82.6960|5.9481|4.20|-0.143|||Ori
82.7027|41.4620|5.99|1.112|||
82.7818|-20.8637|5.53|0.012|||Lep
82.8031|-35.4705|3.86|1.130|ε||Col
82.8106|3.2921|5.46|-0.176|n1||Ori
82.9000|-45.9253|5.86|1.349|||
82.9709|-76.3410|5.18|1.130|γ||Men
82.9827|-7.3015|4.62|-0.261|υ|Thabit|Ori
83.0017|-0.2991|2.25|-0.175|δ|Mintaka|Ori
83.0531|18.5942|4.32|2.060||The Ruby Star|Tau
83.0589|17.0581|5.50|-0.004|||
83.1723|-1.5918|5.34|-0.188|||
83.1820|32.1920|4.71|0.281|χ||Aur
83.1826|-17.8223|2.58|0.211|α|Arneb|Lep
83.2142|-38.5134|5.45|1.224|||
83.2482|-64.2275|5.34|1.039|||Dor
83.2808|-35.1394|5.75|1.085|||
83.3810|-1.1561|5.36|-0.175|VV||Ori
83.3818|18.5402|5.67|-0.022|||Tau
83.4063|-62.4898|3.76|0.640|β||Dor
83.4762|14.3056|5.60|-0.118|||Ori
83.5169|-1.4703|5.92|1.535|||
83.5699|3.7669|5.32|0.051|n2||Ori
83.6866|-73.7413|5.79|1.717|WX||Men
83.7052|9.4896|4.39|-0.157|φ1|Heka|Ori
83.7542|-6.0093|5.67|-0.228|||
83.7612|-6.0020|4.78|-0.248|||
83.7845|9.9342|3.39|-0.160|λ|Meissa|Ori
83.8052|10.2401|5.60|0.149|||
83.8145|-33.0797|5.76|1.120|||
83.8159|-5.3873|4.98|0.000|θ1|Trapezium|Ori
83.8186|-5.3897|5.13|0.020|θ1|Becklin's Star|Ori
83.8454|-5.4161|4.98|-0.097|θ2||Ori
83.8465|-4.8384|4.58|-0.183|c|Mizan Batil|Ori
83.8583|-5.9099|2.75|-0.210|ι|Hatysa|Ori
83.8630|24.0396|5.37|-0.092|||Tau
83.9145|-4.8561|5.24|0.269|||Ori
84.0534|-1.2019|1.69|-0.184|ε|Alnilam|Ori
84.1467|54.4287|5.74|1.671|||
84.1487|-6.0648|5.71|-0.212|||
84.2266|9.2907|4.09|0.951|φ2||Ori
84.2656|17.0403|5.53|0.237|||Tau
84.2683|11.0350|5.97|1.592|||
84.2912|-80.4691|5.65|0.600|π||Men
84.2869|26.9245|5.83|-0.075|||
84.4112|21.1425|2.97|-0.148|ζ|Tianguan|Tau
84.4359|-28.6897|5.28|0.486|ν2||Col
84.5047|7.5414|5.87|-0.061|||
84.6582|-6.5740|5.96|-0.216|||
84.6587|30.4924|5.40|0.450|||Aur
84.6814|-40.7073|5.81|-0.078|||
84.6865|-2.6001|3.77|-0.190|σ||Ori
84.7212|-7.2128|4.77|0.139|d||Ori
84.7964|4.1215|4.50|-0.098|ω||Ori
84.8263|29.2152|5.98|0.144|V0433||Aur
84.8798|-3.5647|5.99|0.294|||
84.9122|-34.0741|2.65|-0.120|α|Phact|Col
84.9342|25.8971|5.18|-0.150|||Tau
84.9577|-32.6292|5.44|0.913|||
85.1897|-1.9426|1.74|-0.199|ζ|Alnitak|Ori
85.2113|-1.1288|4.95|-0.197|||
85.2733|0.3378|5.93|0.311|||
85.3238|16.5341|4.84|-0.125|||Tau
85.5582|-22.3737|5.88|0.080|||Lep
85.5633|-34.6678|5.29|-0.032|WZ||Col
85.6102|65.6976|5.62|1.249|||
85.6193|1.4746|4.90|1.144|b||Ori
85.7246|-6.7962|5.97|0.447|||
85.8403|-18.5575|5.73|-0.014|||
86.1158|-22.4484|3.59|0.481|γ|Kursi al Jabbar|Lep
86.1932|-65.7355|4.34|0.217|δ||Dor
86.4752|49.8263|5.46|0.030|ο||Aur
86.4996|-32.3064|5.18|-0.274|μ||Col
86.6141|-46.5972|5.31|1.040|||
86.6266|56.1156|5.93|0.164|||Cam
86.6455|1.1682|5.95|0.773|||
86.6896|15.8225|6.00|-0.061|||Tau
86.7172|9.5223|5.78|0.888|||
86.7389|-14.8220|3.55|0.104|ζ||Lep
86.8048|14.4883|5.72|0.077|||Tau
86.8212|-51.0665|3.85|0.171|β||Pic
86.8592|17.7291|5.47|0.301|||Tau
86.9288|13.8996|5.28|-0.156|||Tau
86.9391|-9.6696|2.07|-0.168|κ|Saiph|Ori
87.0010|6.4542|5.26|0.234|||Ori
87.1456|-4.0946|5.97|0.639|GJ1085||
87.2540|24.5675|4.88|1.021|||Tau
87.2935|39.1811|4.51|0.949|τ||Aur
87.3872|12.6513|4.89|-0.068|||Tau
87.4023|-14.4837|5.49|0.870|||
87.4569|-56.1667|4.50|1.075|γ||Pic
87.4729|-22.9719|5.87|0.055|||
87.4730|-66.9012|5.10|-0.128|ε||Dor
87.5112|9.8712|5.79|0.876|||
87.5544|4.4234|5.96|1.361|||
87.5699|-79.3614|5.46|-0.076|κ||Men
87.6204|14.3056|5.54|1.006|||Tau
87.6251|2.0247|5.97|0.953|||
87.7218|-52.1089|5.16|0.960|||
87.7400|-35.7683|3.12|1.146|β|Wazn|Col
87.7421|27.9679|5.60|0.978|||
87.7602|37.3056|4.72|1.621|υ||Aur
87.8304|-20.8791|3.76|0.984|δ|Arsh al Jauzah|Lep
87.8416|-7.5180|5.36|-0.195|||Ori
87.8725|39.1485|3.97|1.132|ν||Aur
88.0322|-9.0419|5.95|0.100|||
88.0842|-57.1562|5.93|0.656|||
88.0929|14.1718|5.60|-0.053|||Tau
88.0975|19.8678|5.96|0.549|||
88.1102|1.8551|4.76|1.382|||Ori
88.1383|-37.6311|5.62|1.046|||
88.2787|-33.8014|4.88|-0.154|λ||Col
88.3319|27.6123|4.56|-0.008|||Tau
88.5252|-63.0896|4.65|1.022|||Dor
88.5958|20.2762|4.39|0.594|χ1||Ori
88.6818|-11.7742|5.62|1.523|||
88.6835|0.9686|5.99|1.328|||
88.7087|-52.6355|5.29|0.295|||
88.7116|55.7069|4.96|0.052|ξ||Aur
88.7187|-39.9579|5.55|1.515|||
88.7362|19.7496|5.92|-0.145|||Ori
88.7409|59.8884|5.20|0.010|||Cam
88.7458|31.7015|5.90|0.144|||
88.7929|7.4071|0.45|1.500|α|Betelgeuse|Ori
88.8747|-37.1207|4.97|1.102|ξ||Col
88.8757|-4.6165|5.87|1.173|||
89.0595|-22.8400|5.95|1.107|||
89.0873|-31.3824|5.52|0.382|σ||Col
89.1012|-14.1677|3.71|0.337|η||Lep
89.1168|9.5094|5.97|-0.038|||
89.2060|11.5211|5.89|1.111|||
89.3842|-35.2833|4.36|-0.165|γ||Col
89.4986|25.9539|4.81|-0.088|||Tau
89.6018|1.8371|5.89|0.223|||Ori
89.6564|-44.0346|5.81|1.061|||
89.7065|0.5530|5.21|0.009|||Ori
89.7218|12.8083|5.70|0.874|||
89.7680|-9.5583|5.04|0.189|||Mon
89.7867|-42.8151|3.96|1.146|η||Col
89.8407|49.9245|5.90|1.194|||
89.8818|54.2847|3.72|1.010|δ||Aur
89.8822|44.9474|1.90|0.077|β|Menkalinan|Aur
89.9303|37.2126|2.65|-0.083|θ|Mahasim|Aur
89.9837|45.9367|4.30|1.701|π||Aur
90.0140|-3.0743|4.53|1.202|||
90.2049|-51.2163|5.65|0.207|||
90.2440|47.9019|5.71|-0.007|||Aur
90.3179|-33.9118|5.54|1.580|||
90.4294|48.9594|5.98|1.437|||
90.4601|-10.5979|4.92|-0.128|||Mon
90.5958|9.6473|4.12|0.170|μ||Ori
90.8150|-26.2845|5.03|1.335|||
90.8640|19.6906|5.14|-0.097|||Ori
90.9799|20.1385|4.64|0.236|χ2||Ori
91.0301|23.2633|4.16|0.835||Propus|Gem
91.0563|-6.7089|5.19|-0.066|V0696||Mon
91.0844|-32.1724|5.65|-0.186|||Col
91.1671|-45.0789|5.93|0.493|||
91.2424|5.4200|5.67|1.047|||Ori
91.2432|4.1587|5.63|1.041|||Ori
91.2464|-16.4844|4.92|0.196|||Lep
91.2641|42.9816|5.90|0.358|||Aur
91.3626|-10.2426|5.88|0.374|||
91.3632|-35.5136|5.80|0.027|||
91.5231|-29.7586|5.79|0.041|||
91.5391|-66.0396|5.72|-0.024|η1||Dor
91.5388|-14.9353|4.67|0.046|θ||Lep
91.6337|-23.1108|5.46|0.064|||
91.6462|38.4826|5.35|0.251|||Aur
91.6614|-4.1938|5.37|-0.122|||
91.7396|-21.8123|5.74|1.584|||
91.7641|-62.1546|5.04|1.256|||
91.7653|-34.3120|5.82|-0.137|||
91.8818|-37.2529|5.00|-0.095|θ|Elkurud|Col
91.8930|14.7685|4.42|-0.164|ν||Ori
91.9235|-19.1659|5.28|1.661|||Lep
91.9702|-42.1540|5.50|0.007|π2||Col
92.1844|-68.8434|5.06|-0.072|ν||Dor
92.2411|-22.4274|5.49|-0.010|||
92.2413|2.4997|5.70|0.067|||
92.3852|22.1903|5.93|1.626|||
92.3939|-14.5846|5.56|1.150|||
92.4333|23.1135|5.75|0.192|||Gem
92.4498|-22.7743|5.71|0.454|||
92.4959|58.9357|5.35|1.096|||Cam
92.5433|-40.3538|5.54|1.665|AF||Col
92.5603|-74.7530|5.08|0.714|α||Men
92.5746|-54.9686|4.72|-0.229|δ||Pic
92.6445|-27.1543|5.72|1.072|||
92.8124|-65.5894|5.01|1.599|η2||Dor
92.8846|24.4203|5.83|1.110|||Gem
92.9025|48.7110|5.78|0.100|||Aur
92.9659|-6.5503|5.06|-0.201|||
92.9850|14.2088|4.45|-0.180|ξ||Ori
93.0056|19.7905|5.76|-0.071|||Ori
93.0137|16.1304|4.95|-0.149|f1||Ori
93.0838|32.6934|5.78|1.646|||
93.2128|65.7184|5.36|1.344|||Cam
93.4760|-3.7414|5.83|0.910|||
93.6191|17.9064|5.86|0.253|||
93.6529|-4.5685|5.83|-0.155|||
93.7120|19.1564|5.20|0.430|||Ori
93.7139|-6.2748|3.99|1.319|γ||Mon
93.7194|22.5068|3.31|1.600|η|Propus|Gem
93.7853|13.8511|5.91|-0.231|||
93.7850|-20.2722|5.88|1.322|||
93.8238|-18.4772|5.99|1.058|||
93.8445|29.4981|4.32|1.021|κ||Aur
93.8547|16.1432|5.34|-0.101|f2||Ori
93.8736|-4.9147|5.99|0.097|||
93.8928|-0.5122|5.62|0.506|||
93.9189|59.9990|5.37|1.339|||Cam
93.9370|-13.7184|5.00|-0.078|||
93.9374|12.5511|5.44|0.015|||Ori
94.0320|-16.6180|5.97|-0.167|||
94.1109|12.2722|5.04|0.431|k||Ori
94.1381|-35.1405|4.37|0.978|κ||Col
94.1483|-39.2644|6.00|0.163|||
94.2551|-37.7374|5.54|1.129|||
94.2776|9.9424|5.39|0.106|l||Ori
94.2899|-37.2535|5.88|0.139|||
94.3172|5.1001|5.70|0.610|GJ231.1A||
94.4238|-16.8159|5.15|1.293|||
94.4784|61.5153|5.01|1.843|||Lyn
94.5572|-19.9670|5.51|-0.163|||
94.7108|-9.3900|5.36|1.239|||
94.7116|69.3198|4.76|0.025|||
94.7457|-20.9256|5.79|-0.155|||
94.9058|59.0110|4.44|0.032|||Lyn
94.9207|-34.3966|5.76|-0.080|||
94.9283|-7.8229|5.27|-0.177|||Mon
94.9983|-2.9445|4.91|1.613|||
95.0176|14.6511|5.67|1.578|||
95.0783|-30.0634|3.02|-0.160|ζ|Furud|CMa
95.1510|-34.1441|5.55|-0.182|||
95.3530|-11.7732|5.48|0.002|FR||CMa
95.4422|53.4522|5.34|0.448|||Aur
95.5285|-33.4364|3.85|0.858|δ||Col
95.6516|12.5702|6.00|0.319|||
95.6595|-69.9840|5.56|1.510|π1||Dor
95.6749|-17.9559|1.98|-0.240|β|Mirzam|CMa
95.7326|-56.3700|5.60|0.242|ν||Pic
95.7401|22.5136|2.87|1.621|μ|Tejat|Gem
95.9420|4.5929|4.39|0.215|ε||Mon
95.9830|-25.5776|5.61|1.561|||
95.9880|-52.6957|-0.62|0.164|α|Canopus|Car
96.0042|-36.7078|5.62|1.027|||
96.0430|-11.5301|5.21|1.230|||
96.0577|-60.2813|5.78|-0.001|||
96.2246|49.2879|4.92|1.905|ψ1|Dolones|Aur
96.3189|-0.9459|5.88|0.564|||
96.3693|-69.6903|5.37|0.971|π2||Dor
96.4319|-48.1769|5.76|-0.061|G||Pup
96.6077|56.2851|5.53|0.238|RR||Lyn
96.6649|-1.5073|5.87|0.070|||
96.7036|58.4174|5.21|1.538|||Lyn
96.7672|-58.0021|5.82|1.279|||
96.8073|0.2992|5.19|1.186|||Ori
96.8150|-0.2760|5.55|1.376|||Ori
96.8352|2.9083|5.55|1.035|||
96.9899|-4.7622|5.06|-0.175|||Mon
97.0425|-32.5801|4.47|-0.169|λ||CMa
97.1420|30.4930|5.75|0.779|||Aur
97.1559|-17.4660|5.76|1.118|||
97.1635|-32.3713|5.74|-0.160|IY||CMa
97.2045|-7.0331|3.76|-0.113|β||Mon
97.2408|20.2121|4.13|-0.115|ν|Nucatai|Gem
97.3687|-56.8528|5.20|1.087|||Pic
97.4544|-50.2391|5.28|0.371|||
97.5124|46.6856|5.88|1.448|||Aur
97.5470|-10.0815|5.92|1.373|||
97.6929|-27.7696|5.92|-0.156|||
97.6963|58.1626|5.86|0.934|||Lyn
97.8046|-35.2588|5.82|0.813|||
97.8263|-51.8260|5.58|0.534|||
97.8460|-12.3920|5.16|1.262|||
97.9512|11.5444|5.22|0.185|||
97.9586|-8.1582|5.43|1.373|||
97.9640|-23.4184|4.34|-0.245|ξ1||CMa
97.9930|-58.7538|5.69|-0.057|μ||Pic
98.0800|4.8560|5.88|0.997|||Mon
98.0891|-37.6967|5.25|0.982|||
98.0964|-5.8688|5.60|0.256|||
98.1133|32.4549|5.82|0.188|WW||Aur
98.1624|-32.0304|5.73|-0.180|||
98.2259|7.3330|4.47|0.023|||Mon
98.4007|14.1552|5.57|1.105|||
98.4080|-1.2202|5.09|-0.132|||
98.4562|-36.2320|5.42|1.419|||
98.6472|-32.7163|5.62|-0.085|||
98.7441|-52.9756|4.35|-0.021|N||Car
98.7641|-22.9648|4.54|-0.035|ξ2||CMa
98.8003|28.0223|5.26|-0.008|||Aur
98.8159|0.8902|5.78|0.004|||
98.8233|9.9883|5.93|1.508|||
98.8509|-36.7799|5.59|-0.130|||
99.0952|-18.6599|5.71|0.848|ν1||CMa
99.1368|38.4455|5.40|2.500|||
99.1472|-5.2111|5.52|-0.082|||
99.1710|-19.2559|3.95|1.037|ν2||CMa
99.1942|-13.3210|5.95|1.562|||
99.3076|-36.9907|5.72|-0.112|||
99.4100|56.8575|5.87|0.006|||Lyn
99.4224|61.4812|5.94|0.899|||Lyn
99.4279|16.3993|1.93|0.001|γ|Alhena|Gem
99.4403|-43.1959|3.17|-0.103|ν||Pup
99.4484|-32.3397|5.25|1.177|||
99.4726|-18.2375|4.42|1.137|ν3||CMa
99.5959|28.9844|5.76|-0.001|||Aur
99.6568|-48.2202|5.05|0.997|||
99.6647|39.3909|5.70|1.367|||Aur
99.7049|39.9026|5.34|-0.075|ψ3||Aur
99.8197|-14.1458|4.82|1.459|||
99.8326|42.4889|4.80|1.236|ψ2||Aur
99.9278|-30.4705|5.70|1.134|||
99.9488|12.9828|5.99|0.063|||
100.0120|-80.8136|5.61|0.214|ζ||Men
100.1203|77.9958|5.75|1.488|||
100.1344|71.7488|5.88|1.223|||
100.2444|9.8958|4.66|-0.233|||Mon
100.2727|0.4953|5.79|-0.094|||
100.4849|-9.1675|5.21|1.525|||
100.6014|17.6453|5.20|0.063|||Gem
100.7707|44.5244|5.04|1.479|ψ4||Aur
100.9110|3.9325|5.88|-0.046|||
100.9830|25.1311|3.06|1.377|ε|Mebsuta|Gem
100.9971|13.2280|4.49|1.167|||Gem
101.1186|-31.0705|5.23|-0.127|||CMa
101.1894|28.9709|5.42|1.445|||Gem
101.2872|-16.7161|-1.44|0.009|α|Sirius|CMa
101.3224|12.8956|3.35|0.443|ξ|Alzirr|Gem
101.3456|-31.7937|5.92|0.491|GJ245.1||
101.3800|-30.9490|5.62|-0.138|HP||CMa
101.4738|-52.4097|5.81|1.551|||
101.4975|-14.7961|5.30|0.075|||
101.5589|59.4417|4.86|0.084|||Lyn
101.5590|79.5648|5.44|0.525|GJ240.1||
101.6351|8.5872|5.92|-0.173|||Mon
101.6626|-10.1074|5.66|-0.048|||
101.6847|43.5774|5.24|0.575|ψ5||Aur
101.7063|57.1692|5.34|0.964|||Lyn
101.7129|-14.4260|5.28|-0.024|||CMa
101.7195|-51.2657|5.39|1.330|||
101.8280|-55.5400|5.60|1.549|O||Car
101.8326|8.0373|4.77|1.396|||Mon
101.8392|-37.9297|5.27|-0.078|x||Pup
101.9051|-8.9985|5.08|1.795|||
101.9149|48.7895|5.22|1.131|ψ6||Aur
101.9652|2.4122|4.48|1.099|||Mon
102.0477|-61.9414|3.24|0.225|α||Pic
102.0512|55.7042|5.54|0.000|||
102.0794|-1.3189|5.75|0.292|||
102.2406|-15.1447|5.39|-0.096|||
102.3184|-2.2720|5.75|-0.098|||
102.4221|32.6068|5.72|1.298|IS||Gem
102.4577|16.2029|5.87|-0.136|||Gem
102.4602|-32.5085|3.50|-0.116|κ||CMa
102.4638|-53.6224|4.41|0.899|A||Car
102.4776|-46.6146|5.14|0.460|GJ249.1||
102.4840|-50.6146|2.94|1.207|τ||Pup
102.5907|-17.0846|5.77|1.435|||
102.5973|-31.7061|5.74|0.094|HZ||CMa
102.6062|13.4132|5.68|1.329|||Gem
102.6914|41.7812|4.99|1.256|ψ7||Aur
102.7076|-0.5409|5.78|0.396|||
102.7181|-34.3673|4.99|1.379|||
102.7379|67.5719|5.14|-0.152|||Cam
102.8624|-70.9634|5.41|-0.110|ι||Vol
102.8877|21.7611|5.28|-0.020|d||Gem
102.9268|-36.2303|5.94|0.183|||
102.9999|23.6017|5.68|1.467|||
103.1972|33.9613|3.60|0.102|θ||Gem
103.2061|8.3804|5.75|0.270|||
103.2710|59.4485|5.34|0.675|||Lyn
103.3284|-19.0328|5.65|0.279|||
103.3871|-20.2243|4.82|-0.212|||CMa
103.4260|68.8883|5.11|-0.114|||Cam
103.5331|-24.1842|3.89|1.740|ο1|Udra|CMa
103.5475|-12.0386|4.08|1.418|θ||CMa
103.6028|-1.1270|5.44|0.167|||
103.6610|13.1778|4.73|0.321|e||Gem
103.7614|-20.4049|5.80|0.048|||CMa
103.8278|25.3757|5.74|0.573|||Gem
103.9060|-20.1365|4.66|0.374|π||CMa
103.9455|-22.9414|5.29|-0.163|||
104.0277|-14.0434|5.00|1.182|μ|Isis|CMa
104.0343|-17.0542|4.36|-0.063|ι||CMa
104.0666|-48.7211|4.94|1.668|||
104.1076|9.9566|5.90|-0.085|||
104.1336|46.2740|5.85|-0.079|ψ9||Aur
104.1436|-79.4202|5.45|0.041|θ||Men
104.2335|46.7054|5.88|1.093|||
104.2522|33.6810|5.91|0.878|||
104.3192|58.4228|4.35|0.850|||Lyn
104.3913|-24.6308|5.45|0.390|||
104.4046|45.0941|4.90|0.027|||Lyn
104.6046|-34.1117|5.07|-0.154|t||Pup
104.6496|-25.4142|5.59|-0.162|||
104.6565|-28.9721|1.50|-0.211|ε|Adhara|CMa
104.7376|3.6024|5.96|1.056|||
104.9606|-67.9164|5.18|1.396|HD 53501||
105.0168|76.9774|4.55|1.365|||
105.0659|16.0790|5.73|1.641|||Gem
105.0990|-8.4068|5.95|-0.075|||
105.2145|-51.4026|5.14|1.652|||Car
105.2748|-25.2156|5.64|-0.165|LS||CMa
105.3392|70.8083|5.69|1.337|||
105.4298|-27.9348|3.49|1.729|σ|Unurgunite|CMa
105.4849|-5.7221|5.22|1.687|||
105.5729|15.3360|5.78|1.140|||
105.6033|24.2154|5.20|0.953|ω||Gem
105.6064|17.7555|5.96|1.518|NP||Gem
105.6387|16.6744|5.86|1.659|||
105.7282|-4.2392|4.99|-0.195|||Mon
105.7561|-23.8333|3.02|-0.077|ο2|Al Zara|CMa
105.8129|-59.1781|5.50|-0.125|V0450||Car
105.8246|9.1384|5.96|0.126|||
105.8769|29.3371|5.93|0.595|GJ262||
105.9086|10.9518|5.14|1.391|||
105.9396|-15.6333|4.11|-0.112|γ|Muliphein|CMa
105.9734|-49.5839|4.92|0.140|H||Pup
105.9888|-43.6080|5.56|0.624|GJ264.1A||
106.0116|-42.3373|5.20|0.198|C||Pup
106.0219|-5.3240|5.63|1.290|||
106.0272|20.5703|4.01|0.899|ζ|Mekbuda|Gem
106.0764|-56.7497|5.14|-0.032|V0386||Car
106.3265|22.6375|6.00|-0.027|||Gem
106.4126|9.1858|5.78|1.513|||
106.5483|34.4740|5.55|0.909|||
106.6699|-11.2940|5.41|0.033|FN||CMa
106.7795|-40.8933|5.80|-0.158|D||Pup
106.8054|-51.9683|5.96|0.996|||
106.8433|34.0093|5.94|1.507|||
106.8441|-23.8407|5.75|-0.117|FV||CMa
106.9562|7.4712|5.74|1.176|||
107.0918|15.9307|5.47|1.020|||Gem
107.0979|-26.3932|1.83|0.671|δ|Wezen|CMa
107.1765|-70.4971|5.68|0.436|γ1||Vol
107.1869|-70.4989|3.78|1.006|γ2||Vol
107.2128|-39.6557|4.83|-0.179|A||Pup
107.3890|-16.2345|6.00|0.040|OS||CMa
107.4293|-25.2310|5.69|-0.158|LZ||CMa
107.5570|-4.2371|4.91|1.020|||Mon
107.5805|-27.4915|5.46|0.998|||
107.6978|-48.9321|5.12|1.251|HD 55526||
107.7849|30.2452|4.41|1.261|τ||Gem
107.8461|26.8566|5.75|0.130|||Gem
107.8484|-0.3019|5.44|0.310|||Mon
107.9139|39.3205|4.91|1.451|||Aur
107.9234|-20.8831|5.84|-0.038|||
107.9661|-0.4928|4.15|-0.005|δ||Mon
108.0509|-25.9426|5.91|-0.170|||CMa
108.0659|-40.4988|5.30|0.072|E||Pup
108.1076|-36.5444|5.94|-0.145|V0363||Pup
108.1099|24.1286|5.85|0.397|||Gem
108.1401|-46.7593|4.49|0.324|I||Pup
108.2800|-11.2513|5.77|1.508|||
108.3056|-45.1827|4.87|-0.003|L1||Pup
108.3428|16.1590|5.07|1.653|||Gem
108.3475|51.4287|5.46|1.640|UY||Lyn
108.3501|-22.6742|5.99|1.481|||
108.3847|-44.6397|4.42|1.331|L2||Pup
108.5452|-3.9018|5.80|1.585|||
108.5634|-26.3525|4.42|-0.170|||CMa
108.5647|-9.9475|5.90|1.528|||
108.5836|3.1114|5.36|1.193|||
108.6359|12.1158|5.71|1.007|||
108.6589|-48.2719|4.75|-0.091|||
108.6749|24.8850|5.84|1.554|||Gem
108.6917|-46.8497|5.72|-0.109|PR||Pup
108.7027|-26.7727|4.01|-0.150|ω||CMa
108.7132|-27.0380|5.58|1.220|||
108.7381|-41.4264|5.95|-0.146|||
108.8378|-30.6864|5.36|-0.155|||
108.8384|-52.4992|5.96|1.099|||
108.9143|7.9777|5.78|1.537|||
108.9302|-10.5836|5.95|1.173|||
108.9589|47.2400|5.54|0.576|GJ1095||
108.9788|59.6375|5.20|1.081|||Lyn
108.9882|27.8974|5.75|1.605|||Gem
109.0606|-15.5857|5.46|0.079|Wo9228||
109.0645|-46.7745|5.64|1.441|||
109.1327|-38.3189|5.81|-0.133|||
109.1458|-27.8812|4.66|1.589|||
109.1535|-23.3156|4.83|1.601|||CMa
109.2059|-36.5926|5.03|-0.161|||
109.2076|-67.9572|3.97|0.760|δ||Vol
109.2857|-37.0975|2.71|1.616|π||Pup
109.3905|52.1311|5.93|1.259|||
109.5092|40.8834|5.87|0.181|||Aur
109.5177|-43.9868|5.86|-0.117|M||Pup
109.5232|16.5404|3.58|0.106|λ||Gem
109.5766|-36.7340|4.65|-0.099|v1||Pup
109.6332|49.4648|5.00|0.087|||
109.6396|-39.2103|5.24|0.026|F||Pup
109.6591|-36.7427|5.11|-0.170|v2||Pup
109.6682|-24.5587|4.88|-0.160|||CMa
109.6770|-24.9544|4.37|-0.132|τ||CMa
109.7136|-26.5859|5.29|0.956|||
109.8432|2.7407|5.90|1.069|||
109.8674|-16.3952|5.70|0.346|R||CMa
109.9485|7.1429|5.91|0.537|||
110.0307|21.9823|3.50|0.374|δ|Wasat|Gem
110.0893|-52.3115|5.50|0.483|||
110.1617|-52.0859|5.38|-0.069|||
110.2288|-26.9638|6.00|-0.172|HQ||CMa
110.2429|-14.3605|5.59|0.971|||
110.2681|-25.8916|5.87|1.604|MZ||CMa
110.3229|45.2282|5.74|0.342|||
110.4869|20.4437|5.09|1.528|||Gem
110.5109|36.7606|5.12|1.082|||Aur
110.5145|0.1771|5.99|-0.069|||
110.5564|-19.0166|4.94|-0.039|||
110.6058|-5.9828|5.83|0.352|||
110.7169|55.2814|5.80|-0.078|||Lyn
110.7529|-31.9238|5.40|-0.161|NO||CMa
110.8688|25.0505|5.04|0.902|A||Gem
110.8708|-27.8343|5.37|1.539|||
110.8829|-32.2021|5.41|-0.169|||
111.0238|-29.3031|2.45|-0.083|η|Aludra|CMa
111.0353|40.6724|5.23|1.249|||Aur
111.1394|27.6379|5.77|0.368|||Gem
111.1674|-16.2015|5.18|-0.035|FW||CMa
111.1827|-31.8089|5.35|1.071|||
111.2379|51.8873|5.80|1.610|||
111.2424|11.6695|5.37|0.105|||CMi
111.2846|-13.7520|5.79|0.432|||
111.3553|-25.2178|5.79|-0.103|||
111.4087|-79.0942|5.54|1.281|ε||Men
111.4121|9.2761|4.99|0.991|ε||CMi
111.4317|27.7981|3.78|1.024|ι|Propus|Gem
111.4633|-5.7750|5.98|0.901|||
111.5910|-51.0185|5.09|1.038|||
111.6769|-34.1407|5.90|-0.153|||
111.6785|49.2115|4.61|-0.001|||Lyn
111.7347|20.2576|5.94|0.336|||Gem
111.7478|-23.0860|5.65|-0.134|FY||CMa
111.7833|-17.8649|5.60|0.314|NR||CMa
111.7877|8.2893|2.89|-0.097|β|Gomeisa|CMi
111.9289|-22.8592|5.98|-0.088|||
111.9348|21.4452|5.20|0.455|||Gem
111.9653|-11.5569|5.79|0.583|||
111.9965|-29.1559|5.55|-0.048|||
112.0086|6.9420|5.22|0.221|η||CMi
112.0408|8.9255|4.33|1.425|γ||CMi
112.2131|-31.8484|5.95|-0.156|||
112.2145|48.1839|5.70|-0.092|||
112.2705|-31.4562|5.78|-0.185|||
112.2737|-38.8121|5.41|-0.148|y||Pup
112.2780|31.7846|4.16|0.320|ρ||Gem
112.3076|-43.3014|3.25|1.509|σ||Pup
112.3278|-1.9053|5.60|1.493|||
112.3352|28.1183|5.07|0.120|||Gem
112.3421|-10.3267|5.75|1.616|||
112.3568|-7.5512|5.86|0.487|HD 59380||
112.4491|12.0066|4.55|1.276|||CMi
112.4532|27.9161|5.01|1.117|b||Gem
112.4642|-23.0243|4.85|0.243|||
112.4832|49.6725|5.35|0.470|||Lyn
112.4988|-52.6512|5.87|1.010|||
112.6288|-54.3994|5.95|1.585|||
112.6775|-30.9623|4.65|0.904|||
112.7196|68.4656|5.63|1.100|||
112.7686|82.4115|4.92|1.633|VZ||Cam
112.9517|17.0860|5.45|1.126|||
113.0240|-8.8813|5.90|0.540|HD 59984||
113.0248|1.9145|5.24|0.230|δ1||CMi
113.2907|-24.7107|5.84|0.156|||
113.2986|3.2904|5.59|0.321|δ2||CMi
113.3315|-19.4125|5.64|1.121|||
113.4020|15.8267|5.27|0.055|||Gem
113.4498|-14.5239|4.82|1.362|KQ||Pup
113.4627|-36.3384|5.42|-0.078|z||Pup
113.5133|-22.2961|4.44|0.521|GJ279||
113.5662|3.3717|5.83|-0.018|δ3||CMi
113.5776|-23.4737|5.06|0.468|n||Pup
113.6450|-27.0123|5.78|1.045|||
113.6494|31.8883|1.58|0.034|α|Castor|Gem
113.7867|30.9609|5.34|1.010|||
113.8454|-28.3693|4.65|-0.111|p||Pup
113.9155|-52.5338|4.93|1.373|Q||Car
113.9806|26.8957|4.06|1.540|υ||Gem
114.0162|-14.4928|5.66|-0.067|V0378||Pup
114.1318|46.1803|5.66|1.560|||
114.1446|5.8622|5.89|0.602|||
114.1710|-19.7023|5.69|-0.165|PT||Pup
114.1830|-48.8302|5.69|-0.037|y2||Pup
114.1960|55.7551|5.93|1.123|||
114.3195|-4.1110|5.14|0.442|||Mon
114.3421|-34.9685|4.53|-0.081|f||Pup
114.4744|48.7738|5.93|0.221|||
114.5752|-25.3648|4.69|-0.100|m||Pup
114.5759|-48.6014|5.68|0.683|y3||Pup
114.6369|35.0486|5.58|0.921|||Gem
114.6829|-36.4968|5.78|-0.148|e||Pup
114.7078|-26.8038|3.80|-0.159|κ1|Markab|Pup
114.7914|34.5843|4.89|0.413|ο|Jishui|Gem
114.8255|5.2250|0.40|0.432|α|Procyon|CMi
114.8639|-38.3080|4.84|-0.189|d1||Pup
114.8691|17.6745|5.04|1.616|f||Gem
114.9326|-38.1393|5.73|-0.125|d2||Pup
114.9495|-38.2607|5.76|-0.071|d3||Pup
114.9916|-37.5794|5.99|-0.040|d4||Pup
115.0564|-19.6609|5.92|1.158|||
115.0612|38.3445|5.77|1.654|||
115.0967|-15.2639|4.98|1.543|||Pup
115.1270|87.0201|5.05|1.604|OV||Cep
115.2438|23.0185|5.93|1.561|||
115.3017|48.1315|5.58|1.011|||
115.3118|-9.5511|3.94|1.022|α||Mon
115.3159|-38.5335|5.41|-0.130|||
115.3965|3.6248|5.95|-0.032|||
115.4553|-72.6061|3.93|1.033|ζ||Vol
115.4660|13.4805|5.79|1.669|||
115.5134|14.2085|5.55|1.642|NZ||Gem
115.7006|-26.3513|5.64|0.990|||
115.7379|-45.1731|5.04|0.765|GJ284||
115.7517|58.7104|4.93|0.104|||Lyn
115.7999|-36.0501|5.60|-0.130|||
115.8280|28.8835|4.23|1.118|σ||Gem
115.8849|-28.4109|4.63|1.632|||Pup
115.9247|-40.9337|5.12|1.104|||
115.9520|-28.9548|3.94|0.160|l||Pup
116.0174|50.4338|5.31|-0.001|||
116.0288|25.7842|5.30|1.535|c||Gem
116.0404|-36.0625|5.80|0.320|||
116.1119|24.3980|3.57|0.932|κ||Gem
116.1424|-24.6741|5.62|-0.191|V0390||Pup
116.1424|-37.9429|5.89|-0.115|||
116.3137|-37.9686|3.62|1.706|c||Pup
116.3290|28.0262|1.16|0.991|β|Pollux|Gem
116.3959|-34.1724|5.36|0.589|||Pup
116.4870|-14.5638|5.03|0.342|||Pup
116.5091|-6.7725|5.49|1.378|||
116.5310|18.5100|4.89|1.425|g||Gem
116.5439|-37.9337|5.87|-0.111|V0392||Pup
116.5675|10.7683|5.25|0.018|||CMi
116.6637|37.5174|5.15|1.588|DU||Lyn
116.6670|65.4557|5.93|1.183|||Cam
116.8023|-22.5195|5.90|-0.180|||
116.8541|-38.5111|5.07|-0.112|||
116.8763|33.4157|5.14|1.635|π||Gem
116.8813|-46.6085|5.22|-0.151|||
116.9863|-12.1927|5.48|0.478|||Pup
117.0215|-25.9372|4.40|-0.070|ο||Pup
117.0840|-47.0777|4.69|1.039|Q||Pup
117.2570|-24.9122|5.32|0.751|||Pup
117.2780|-56.4104|5.57|1.116|||
117.3036|-46.8577|5.82|-0.142|QS||Pup
117.3038|-60.2837|5.78|0.428|||
117.3096|-46.3732|4.10|-0.160|P||Pup
117.3110|-35.2433|5.94|-0.051|V0397||Pup
117.3236|-24.8598|3.34|1.218|ξ|Azmidi|Pup
117.3975|-33.2889|5.61|1.617|||
117.4208|-66.1960|5.78|-0.040|||
117.4217|-17.2284|5.17|1.282|||Pup
117.5441|-9.1834|5.60|1.446|||
117.5993|-50.5095|5.89|1.088|||
117.9250|1.7669|5.12|-0.116|ζ||CMi
117.9293|-21.1737|5.62|0.956|||
117.9429|-13.8980|5.16|0.600|||Pup
118.0543|-40.5758|3.71|1.012|a||Pup
118.0653|-34.7054|5.01|0.470|||Pup
118.0787|-14.8462|5.69|0.368|||Pup
118.1239|-54.3672|5.70|-0.151|V0372||Car
118.1610|-38.8628|4.49|-0.188|b||Pup
118.1994|-5.4283|5.76|0.412|||
118.2646|-36.3638|5.44|1.161|||
118.2651|-49.6130|4.63|-0.228|||
118.3257|-48.1029|4.22|-0.130|J||Pup
118.3742|26.7658|4.97|0.098|φ||Gem
118.5459|-35.8773|5.48|-0.175|||
118.6779|47.5646|5.47|1.462|||Lyn
118.7222|-57.3028|5.62|1.298|||
118.8810|8.8628|5.86|0.369|||
118.9162|19.8840|5.38|-0.035|||Gem
119.0777|-60.5264|5.74|1.554|||
119.1946|-52.9824|3.46|-0.177|χ||Car
119.2147|-22.8801|4.20|0.718|j||Pup
119.2408|-43.5004|5.36|-0.166|||
119.2477|15.7903|5.80|1.285|||Cnc
119.3268|-44.1099|5.08|-0.166|N||Pup
119.4171|-30.3346|4.76|0.151|χ||Pup
119.4455|-60.3031|5.59|0.573|GJ294A||
119.4655|-45.5777|5.14|1.263|O||Pup
119.5602|-49.2449|4.47|-0.180|V||Pup
119.5861|2.2248|5.30|0.933|||CMi
119.7106|-60.8245|5.77|-0.082|V0374||Car
119.7575|-45.2158|5.98|-0.143|||
119.7738|-23.3104|5.09|1.111|||Pup
119.8682|-39.2969|5.22|0.400|||
119.9064|-60.5871|5.19|1.758|V0460||Car
119.9340|-3.6796|4.93|1.205|||Mon
119.9669|-18.3992|4.61|0.087|||
120.0489|73.9179|5.37|1.424|||
120.0832|-63.5675|4.81|-0.173|D||Car
120.1971|17.3087|5.60|1.317|||Cnc
120.2081|-54.1513|5.87|-0.134|||
120.2328|25.3928|5.87|1.021|ω||Cnc
120.3056|-1.3926|4.69|1.475|||Mon
120.3079|4.8798|5.65|0.013|||
120.3366|59.0474|5.78|0.421|||
120.3762|16.4553|5.99|-0.024|||Cnc
120.4064|-37.2837|5.90|0.147|||
120.5664|2.3346|4.39|1.252|G||CMi
120.6866|-41.3098|5.52|-0.152|V0336||Pup
120.7673|-32.4635|5.83|1.225|||
120.8795|27.7943|4.94|1.130|χ||Gem
120.8960|-40.0031|2.21|-0.269|ζ|Naos|Pup
121.0675|-32.6748|5.25|1.882|MZ||Pup
121.1767|-50.5904|5.96|1.213|||
121.1961|79.4796|5.39|-0.040|||
121.2655|-53.1079|5.52|1.347|||
121.2687|13.1182|5.14|0.018|||Cnc
121.5766|22.6355|5.96|1.652|||Cnc
121.6681|-45.2660|5.04|1.488|||
121.8252|-20.5543|5.33|0.100|||
121.8860|-24.3043|2.83|0.458|ρ|Tureis|Pup
121.9411|21.5818|5.30|0.642|μ||Cnc
121.9825|-68.6171|4.35|-0.113|ε||Vol
122.1144|51.5067|4.78|0.048|||Lyn
122.1485|-2.9838|4.36|0.970|ζ||Mon
122.2528|-61.3024|4.74|0.437|B||Car
122.2568|-19.2450|4.40|-0.160|||Pup
122.2896|-48.6844|5.66|-0.101|NN||Vel
122.3689|-16.2489|5.66|-0.153|||
122.3831|-47.3366|1.75|-0.145|γ2|Regor|Vel
122.3901|-56.0854|5.66|0.204|||
122.3996|-44.1228|5.20|-0.173|||
122.4298|-47.9372|5.23|-0.199|IS||Vel
122.5157|58.2482|5.91|1.365|||
122.6133|25.5073|5.73|0.825|ψ||Cnc
122.6659|-13.7992|5.53|0.488|||Pup
122.7950|-48.4620|5.83|-0.146|||
122.8179|-12.9270|4.72|0.939|||Pup
122.8396|-39.6185|4.44|1.590|h1||Pup
122.8579|-42.9873|4.73|0.164|||
122.8875|-7.7725|5.36|0.892|||
122.9999|-46.6444|5.77|0.626|AH||Vel
123.0530|17.6478|4.67|0.531|ζ1|Tegmine|Cnc
123.1283|-46.2643|6.00|-0.113|||
123.2033|68.4741|5.34|1.037|||Cam
123.2869|29.6565|5.62|-0.073|||Cnc
123.3332|-15.7882|4.99|1.066|||Pup
123.3730|-35.8995|4.78|-0.110|r||Pup
123.3927|-50.1961|5.52|1.651|||Vel
123.4006|-46.9916|5.14|-0.139|NO||Vel
123.4591|56.4522|5.88|1.016|||
123.4930|-36.3223|5.09|-0.184|OS||Pup
123.5122|-40.3479|4.42|1.170|h2||Pup
123.5552|-35.4900|5.77|1.024|||
123.5995|-45.8345|5.86|-0.176|||
123.8163|-62.9156|5.16|0.086|C||Car
124.1288|9.1855|3.53|1.481|β|Tarf|Cnc
124.4601|59.5711|5.63|0.182|||Lyn
124.5725|-35.4517|5.59|1.246|||
124.5784|-65.6132|5.06|1.129|||
124.5998|-12.6322|5.95|0.754|GJ302||
124.6315|-76.9197|4.05|0.413|α||Cha
124.6388|-36.6593|4.44|0.222|q||Pup
124.8215|62.5072|5.73|0.891|||Cam
124.8845|75.7569|5.55|0.902|||
124.9540|-71.5149|5.33|-0.063|κ1||Vol
125.0022|-71.5054|5.63|-0.099|κ2||Vol
125.0161|27.2177|5.13|0.487|χ||Cnc
125.0874|20.7477|5.80|1.137|||
125.1086|57.7433|5.89|0.421|||Lyn
125.1339|24.0223|5.92|-0.039|λ|Piautos|Cnc
125.1606|-77.4845|4.34|1.161|θ||Cha
125.1680|72.4072|6.00|1.537|||
125.3004|-57.9732|5.96|-0.092|||
125.3377|-36.4842|5.18|-0.187|||
125.3384|-20.0791|5.58|0.771|||
125.3459|-33.0544|4.83|1.419|w||Pup
125.4775|-17.5863|5.71|1.050|||
125.5186|-73.4000|5.28|0.014|η||Vol
125.6285|-59.5095|1.86|1.196|ε|Avior|Car
125.6321|-48.4904|4.79|-0.146|B||Vel
125.7081|-26.3482|5.88|0.379|||
125.7088|43.1881|4.25|1.550||Alsciaukat|Lyn
125.7254|-7.5431|5.92|1.635|||
125.7298|-52.1237|5.89|0.018|||
125.8410|18.3322|5.94|0.175|d1||Cnc
125.9521|53.2197|5.52|0.125|||
126.0826|-80.9142|5.67|1.018|||
126.1459|-3.7512|5.61|0.478|||Hya
126.2299|-23.1537|5.67|0.066|||
126.2384|-42.7698|5.97|-0.159|V0438||Pup
126.2656|-24.0462|5.32|1.476|||
126.3805|-51.7274|5.18|-0.164|||
126.3981|2.1022|5.74|1.528|||
126.4151|-3.9064|3.91|-0.012|C||Hya
126.4341|-66.1369|3.77|1.132|β||Vol
126.4650|-64.6006|5.95|0.971|||
126.4663|-42.1531|5.45|-0.142|||
126.4782|7.5645|5.13|0.934|||
126.4816|-14.9297|5.96|0.167|||
126.6134|-3.9875|5.60|0.218|||Hya
126.6154|27.8936|5.58|1.421|φ1||Cnc
126.6748|-12.5346|5.52|1.167|||
126.6831|12.6546|5.56|1.608|||Cnc
126.8198|-70.0935|5.51|-0.024|||
126.9024|-53.0885|5.08|0.256|F||Vel
126.9976|-35.1138|5.75|-0.151|XY||Pyx
127.1556|14.2108|5.94|0.201|||Cnc
127.2698|-47.9289|5.33|-0.140|A||Vel
127.2815|-44.1604|5.82|-0.160|||
127.3645|-44.7248|5.03|-0.168|||
127.4401|-46.3317|5.98|-0.127|||
127.4425|67.2974|5.89|0.972|||
127.5661|60.7182|3.35|0.856|ο|Muscida|UMa
127.6192|-32.1593|5.61|1.509|||
127.8772|24.0811|5.71|0.327|υ1||Cnc
127.8788|-19.5775|5.42|-0.061|||
127.8989|18.0944|5.33|1.567|θ||Cnc
128.0207|-53.2119|5.68|0.582|||
128.1771|20.4412|5.33|1.252|η||Cnc
128.2291|38.0164|5.88|1.106|||
128.4101|-38.8488|5.92|-0.114|||
128.4312|4.7570|5.89|1.066|||
128.5067|-2.1516|5.80|0.007|||
128.6505|65.1452|5.47|0.207|A||UMa
128.6817|-49.9442|5.01|1.304|C||Vel
128.6829|36.4196|5.76|0.051|||Lyn
128.8148|-58.2247|5.27|-0.133|e1||Car
128.8321|-58.0092|4.84|0.981|e2||Car
128.8675|-7.9823|5.72|-0.004|||Hya
128.8696|-26.8435|5.95|0.393|||
128.9624|6.6202|5.91|0.530|GJ310.1A||
128.9668|-50.9697|5.79|-0.132|E||Vel
129.2740|9.6556|5.92|0.083|c||Cnc
129.3285|-62.8535|5.45|1.013|||
129.4110|-42.9891|4.11|0.109|e||Vel
129.4140|5.7038|4.14|0.003|δ|Minazal|Hya
129.4673|-26.2550|5.24|-0.030|η||Pyx
129.5791|32.8020|5.96|1.111|||
129.5924|53.4015|5.66|0.964|||
129.6893|3.3414|4.45|1.216|σ|Minchir|Hya
129.7715|-70.3867|5.19|0.013|θ||Vol
129.7829|-22.6619|5.05|0.720|GJ314A||
129.7988|65.0209|5.63|0.618|π1|Muscida|UMa
129.8234|52.7116|5.91|1.167|||
129.8493|-53.4398|5.45|-0.132|HW||Vel
129.9270|-29.5611|4.86|0.900|ζ||Pyx
129.9900|-53.0547|5.18|-0.147|NZ||Vel
130.0061|-12.4754|4.98|1.415|a||Hya
130.0256|-35.3084|3.97|0.936|β||Pyx
130.0534|64.3279|4.59|1.179|π2|Museida|UMa
130.0728|-53.0154|5.56|-0.125|||
130.0733|-52.9219|3.60|-0.168|ο||Vel
130.0799|-40.2639|5.20|-0.027|NY||Vel
130.1469|-45.1911|5.67|1.664|||
130.1543|-59.7610|4.31|-0.117|d||Car
130.1565|-46.6487|3.77|0.670|b||Vel
130.2545|45.8340|5.35|0.993|||Lyn
130.2722|-48.9227|5.90|-0.186|||
130.3047|-47.3171|4.74|0.137|n||Vel
130.3313|-78.9634|5.46|-0.101|η||Cha
130.4306|-15.9434|4.87|1.063|||Hya
130.4871|-45.4107|5.20|0.171|LN||Vel
130.5675|-48.0991|5.48|-0.172|HX||Vel
130.5791|-53.1001|5.49|-0.127|KT||Vel
130.6058|-53.1140|4.83|-0.173|HY||Vel
130.8014|12.6809|5.62|0.435|A1||Cnc
130.8061|3.3987|4.30|-0.192|η||Hya
130.8214|21.4685|4.66|0.010|γ|Asellus Borealis|Cnc
130.8981|-33.1864|3.68|-0.180|α||Pyx
130.9178|-49.8228|5.15|-0.197|D||Vel
130.9182|-7.2337|4.63|0.840|F||Hya
131.0998|-42.6493|4.05|0.874|d||Vel
131.1712|18.1543|3.94|1.083|δ|Asellus Australis|Cnc
131.1759|-54.7088|1.93|0.043|δ|Alsephina|Vel
131.1877|10.0817|5.63|-0.069|b||Cnc
131.2164|-37.1472|5.74|-0.139|||
131.4798|-79.5044|5.79|1.595|||
131.5069|-46.0415|3.87|0.015|a||Vel
131.5103|-2.0487|5.70|1.097|||
131.5939|-13.5477|4.32|0.900|D||Hya
131.6273|-45.9125|5.43|0.238|OP||Vel
131.6743|28.7599|4.03|1.007|ι|Zubanah|Cnc
131.6773|-56.7698|4.50|-0.169|f||Car
131.6938|6.4188|3.38|0.685|ε|Ashlesha|Hya
131.7334|12.1100|5.89|0.120|A2||Cnc
131.8124|-1.8970|5.28|0.058|||
131.8285|-46.1554|5.71|0.554|||
132.1082|5.8378|4.35|-0.044|ρ||Hya
132.3405|-3.4430|5.30|-0.080|||Hya
132.4132|-40.3202|5.47|0.066|h||Vel
132.4485|-45.3079|4.94|0.043|g||Vel
132.4646|-32.7805|5.19|0.876|||
132.5093|-29.4630|5.86|0.948|||
132.5876|-42.0898|6.00|-0.114|||
132.6330|-27.7098|4.02|1.272|γ||Pyx
132.6394|-46.5292|5.09|-0.205|f||Vel
132.6451|-66.7930|5.34|0.423|||
132.8934|-7.1772|5.55|0.150|||Hya
132.9021|-57.6336|5.59|-0.102|||
132.9868|43.7266|5.15|0.971|||Lyn
133.0418|42.0027|5.98|1.251|||
133.0490|45.3128|5.96|1.233|||
133.1443|32.4742|5.67|0.224|σ1||Cnc
133.1492|28.3308|5.96|0.869|ρ1|Copernicus|Cnc
133.1609|-48.3591|5.92|-0.148|||
133.2001|-38.7241|5.79|1.508|||
133.3440|61.9623|5.72|0.305|b||UMa
133.4527|-60.3539|5.78|-0.088|||
133.4608|-47.5208|5.31|0.275|||
133.5614|30.5791|5.40|1.050|||Cnc
133.7618|-60.6446|3.84|-0.104|c||Car
133.7991|-54.9658|5.70|0.481|HD 76653||
133.8018|-18.2412|5.75|1.327|||
133.8484|5.9456|3.11|0.978|ζ||Hya
133.8815|-27.6819|4.87|0.142|δ||Pyx
133.9153|27.9275|5.23|1.000|ρ2||Cnc
133.9815|11.6260|5.44|1.462|||Cnc
134.0803|-52.7235|4.68|-0.115|H||Vel
134.1271|40.2015|5.90|0.378|||
134.1422|-16.7087|5.95|1.544|||
134.1560|64.6038|5.57|0.877|||UMa
134.1708|-85.6632|5.43|0.306|ζ||Oct
134.2081|45.6316|5.72|1.125|||
134.2358|32.9104|5.44|0.181|σ2||Cnc
134.2434|-59.2293|4.93|-0.182|b1||Car
134.3123|15.3228|5.22|0.149|ο1||Cnc
134.3967|15.5813|5.68|0.209|ο2||Cnc
134.4815|-48.5729|5.88|1.060|||
134.6218|11.8577|4.26|0.141|α|Acubens|Cnc
134.6831|-16.1327|5.80|0.521|HD 76932||
134.7181|-47.2347|5.17|0.268|FZ||Vel
134.8019|48.0418|3.12|0.223|ι|Talitha|UMa
134.8508|-59.0837|5.17|0.417|b2||Car
134.8861|32.4186|5.23|0.913|σ3||Cnc
135.0225|-41.2536|4.45|0.646|w||Vel
135.1599|41.7829|3.96|0.463|||UMa
135.1906|-60.9638|5.80|1.211|||
135.2855|-68.6839|5.89|1.634|||
135.3369|-41.8643|5.56|-0.135|IZ||Vel
135.3505|32.2523|5.89|0.088|||Cnc
135.4357|-52.1887|5.23|-0.120|OY||Vel
135.4916|-0.4827|5.64|1.163|||
135.6116|-66.3961|4.00|0.145|α||Vol
135.6362|67.6296|4.74|1.542|ρ||UMa
135.6844|24.4529|5.45|-0.041|ν||Cnc
135.6867|7.2983|5.85|1.100|||
135.9064|47.1565|3.57|0.007|κ|Alkaphrah|UMa
136.0017|54.2839|5.74|0.034|||
136.0387|-47.0977|3.75|1.174|c||Vel
136.2867|-72.6027|4.47|0.607|G||Car
136.3504|48.5303|5.48|0.475|||
136.4099|-70.5385|4.66|-0.149|E||Car
136.4932|5.0923|4.99|1.189|ω||Hya
136.6324|38.4522|4.56|1.037|||
136.9367|10.6682|5.23|-0.092|κ||Cnc
136.9990|-43.4326|2.23|1.665|λ|Suhail|Vel
137.0002|29.6542|5.42|0.888|τ||Cnc
137.0120|-25.8585|4.62|1.594|κ||Pyx
137.0979|66.8732|5.15|1.514|σ1||UMa
137.1757|-8.5895|5.60|-0.057|||Hya
137.1972|26.6291|5.95|0.654|||Cnc
137.2128|33.8822|5.95|0.585|GJ334.2||
137.2177|51.6046|4.46|0.288|f|Alhaud|UMa
137.2675|-18.3285|5.73|0.000|||
137.2980|-12.3577|5.76|0.937|||
137.3397|22.0454|5.16|0.970|ξ|Nahn|Cnc
137.3982|-8.7876|5.47|1.002|||Hya
137.4850|-30.3654|5.59|0.179|ε||Pyx
137.5981|67.1340|4.80|0.489|σ2||UMa
137.7294|63.5136|4.67|0.381|τ||UMa
137.7420|-58.9669|3.43|-0.190|a||Car
137.7683|-44.8679|4.99|0.222|GX||Vel
137.8197|-62.3170|3.96|-0.180|i||Car
137.8891|-46.5839|5.78|-0.218|||
137.9947|-19.7476|5.72|0.977|||
138.1272|-43.6133|5.56|-0.107|KL||Vel
138.2318|-59.4139|5.54|0.846|||
138.2999|-69.7172|1.67|0.070|β|Miaplacidus|Car
138.3936|-47.3384|5.92|-0.051|||
138.4509|43.2178|5.30|-0.130|||Lyn
138.5342|-44.1458|5.85|-0.113|||
138.5750|-55.5696|5.26|0.980|||
138.5856|61.4233|5.18|0.605|c||UMa
138.5911|2.3143|3.89|-0.060|θ||Hya
138.6020|-43.2275|5.24|-0.137|z||Vel
138.7382|-37.6024|5.85|0.827|k1||Vel
138.8077|14.9415|5.36|1.319|π||Cnc
138.8094|34.6335|5.98|0.839|||
138.9030|-38.5699|4.92|1.084|l||Vel
138.9378|-37.4131|4.63|0.473|k|Markeb|Vel
138.9574|56.7414|5.28|1.568|||UMa
138.9691|72.9463|5.93|0.179|||
139.0472|54.0219|4.80|0.199|e||UMa
139.0503|-57.5415|4.34|1.602|g||Car
139.0960|-44.2657|5.12|1.636|||
139.1724|-8.7448|5.49|-0.081|||Hya
139.1739|-6.3531|5.24|1.172|||Hya
139.2378|-39.4015|5.31|1.166|||
139.2725|-59.2752|2.21|0.189|ι|Aspidiske|Car
139.2822|-14.5741|5.83|1.049|||
139.3218|-68.6896|5.38|0.415|GJ340.1A||
139.3549|-74.8943|5.28|0.021|||
139.3649|-74.7346|5.86|-0.024|||
139.3799|46.8172|5.96|0.063|||
139.5245|-51.0509|5.26|-0.062|K||Vel
139.6080|35.3641|5.94|0.177|||
139.6765|-51.5607|5.83|0.474|LR||Vel
139.7110|36.8026|3.82|0.066|||Lyn
139.8881|-15.8347|5.79|1.285|||
139.9433|-11.9749|4.77|0.927|||Hya
140.1209|-9.5557|4.80|0.913|P||Hya
140.2367|-62.4046|4.79|0.926|k||Car
140.2638|34.3926|3.14|1.550|α||Lyn
140.3733|-25.9654|4.71|1.633|θ||Pyx
140.4304|56.6992|5.79|1.511|CG||UMa
140.4585|-55.5147|5.61|0.190|||
140.4624|-42.1949|5.56|1.637|||
140.5284|-55.0107|2.47|-0.141|κ|Markeb|Vel
140.6000|-46.0474|5.74|0.903|||
140.8010|-28.8339|4.71|0.892|λ||Pyx
141.0229|-61.6489|5.99|1.060|||
141.0384|-80.7869|5.34|0.454|ι||Cha
141.1636|26.1823|4.47|1.222|κ|Al Minlear al Asad|Leo
141.3501|-5.1174|5.60|1.523|||Hya
141.3635|-61.9505|5.77|0.137|||
141.5748|-53.3789|5.09|-0.102|I||Vel
141.7763|-71.6019|5.46|1.079|||
141.8267|-22.3438|4.72|1.154|G||Hya
141.8968|-8.6586|1.99|1.440|α|Alphard|Hya
141.9449|-6.0712|5.38|0.642|GJ344A||
142.1142|9.0568|5.40|0.605|ω||Leo
142.1216|8.1883|5.72|1.045|||Leo
142.1273|-66.7019|5.90|0.012|||
142.1666|45.6015|5.40|0.993||Intercrus|Lyn
142.1963|-62.2731|5.91|1.102|||
142.2871|-2.7690|4.59|0.411|τ1|Ukdah|Hya
142.3027|-20.7491|5.66|1.587|||
142.3113|-35.9513|4.51|1.408|ε||Ant
142.4771|-26.5896|5.49|1.345|||
142.5213|-51.5172|5.45|-0.078|||
142.5937|-15.5774|5.86|1.193|||
142.5976|-58.3618|5.88|1.676|V0482||Car
142.6750|-40.4668|3.60|0.371|ψ||Vel
142.6801|33.6557|5.87|1.032|||LMi
142.6921|-31.8892|5.75|0.066|ζ1||Ant
142.8055|-57.0344|3.16|1.538|N||Vel
142.8821|63.0619|3.65|0.360|h||UMa
142.8840|-31.8718|5.91|0.258|ζ2||Ant
142.8850|35.1033|5.39|1.543|||LMi
142.8877|-35.7148|5.86|1.287|||
142.9011|-73.0809|5.46|1.556|H||Car
142.9301|22.9680|4.32|1.541|λ|Alterf|Leo
142.9864|11.2998|4.99|1.046|ξ||Leo
142.9899|9.7158|5.07|1.364|h||Leo
142.9955|-1.1847|4.54|0.109|τ2||Hya
143.0803|-40.6493|5.35|0.897|||
143.0850|-19.4003|5.74|0.135|||
143.2143|51.6773|3.17|0.475|θ||UMa
143.2324|-13.5168|5.95|1.501|||
143.3019|-21.1157|5.02|1.023|GJ355.2||
143.3585|-22.8639|5.92|0.023|||
143.4356|-49.0051|5.12|-0.114|||
143.4724|-80.9413|5.07|-0.139|ζ||Cha
143.5366|-51.2553|5.01|-0.180|L||Vel
143.5558|36.3976|4.54|0.914|||LMi
143.6110|-59.2298|4.08|-0.013|h||Car
143.6202|69.8303|4.54|0.781|d||UMa
143.6360|-5.9149|5.56|1.159|A||Hya
143.7060|52.0515|4.47|0.027|||UMa
143.7230|72.2057|5.77|0.530|||UMa
143.7660|39.6215|4.81|0.992|||
143.9146|35.8101|5.40|0.770|||LMi
144.1786|31.1617|5.57|1.594|||
144.2064|-49.3550|4.34|0.173|M||Vel
144.2509|-25.2968|5.68|1.116|||
144.2608|16.4380|5.73|1.223|||Leo
144.2720|81.3264|4.28|1.488|||
144.2912|-32.1786|5.62|1.023|||
144.3027|-53.6685|5.44|0.137|||
144.3028|6.8358|5.00|1.051|||Leo
144.3683|-36.0960|5.96|1.118|||
144.5061|-43.1909|5.51|0.985|y||Vel
144.5907|40.2398|5.28|0.223|||Lyn
144.6137|4.6493|4.68|1.310|||Sex
144.8375|-61.3281|4.51|-0.070|m||Car
144.8661|67.2722|5.96|1.528|||
144.9640|-1.1428|3.90|1.313|ι|Ukdah|Hya
145.0765|-14.3323|5.07|-0.149|κ|Al Sharasif|Hya
145.1773|-57.9836|5.30|0.195|||
145.2591|-57.2595|5.80|1.083|||
145.2876|9.8923|3.52|0.516|ο|Subra|Leo
145.3209|-23.5915|4.76|-0.117|I||Hya
145.3963|31.2778|5.90|1.579|||
145.4497|-55.2138|5.99|-0.119|||
145.5014|39.7579|5.61|0.951|||Lyn
145.5601|-23.9156|4.93|0.534|GJ364||
145.5618|69.2375|5.72|1.131|||
145.7383|72.2526|5.15|1.029|||UMa
145.8886|29.9745|5.64|0.111|f||Leo
145.9260|-53.8913|5.56|-0.042|O||Vel
145.9329|14.0217|5.36|1.610|ψ||Leo
146.0504|-27.7695|4.78|0.516|θ||Ant
146.3117|-62.5079|3.69|1.010|l||Car
146.4628|23.7743|2.97|0.808|ε|Algenubi|Leo
146.5419|6.7086|5.80|1.639|||
146.5860|-76.7761|5.43|0.901|ν||Cha
146.5972|11.8100|5.67|1.489|||Leo
146.5984|1.7856|5.65|0.342|||
146.6265|-44.7551|5.58|-0.176|||
146.6319|57.1281|5.09|1.594|||UMa
146.7755|-65.0720|2.92|0.273|υ||Car
147.1474|46.0210|5.08|0.619|||LMi
147.3670|-37.1868|5.95|1.245|||
147.4881|-45.7327|5.09|-0.098|u||Vel
147.6747|-46.9339|5.72|1.085|||
147.7316|-62.7451|5.56|1.316|||
147.7473|59.0387|3.78|0.291|υ||UMa
147.8003|-59.4258|5.79|1.354|||
147.8322|-46.1939|5.62|1.166|||
147.8696|-14.8466|4.11|0.918|υ1|Zhang|Hya
147.9194|-46.5476|4.58|1.172|m||Vel
147.9710|24.3954|5.29|0.229|g||Leo
148.0265|54.0643|4.55|0.038|φ||UMa
148.1268|-8.1050|5.07|0.038|γ||Sex
148.1909|26.0070|3.88|1.222|μ|Rasalas|Leo
148.4289|5.9586|5.90|1.662|||
148.4587|-51.1467|5.95|-0.152|V0335||Vel
148.5513|-25.9323|4.87|1.199|||
148.5736|-45.2835|5.72|-0.114|||
148.7135|-50.2440|5.71|0.006|||
148.7175|-19.0094|4.94|1.559|HD 85951|Felis|
148.9292|49.8198|5.27|0.086|||UMa
149.1082|8.9332|5.85|1.129|||
149.1479|-33.4185|5.83|1.202|||
149.2156|-54.5678|3.52|-0.067|φ||Vel
149.3067|57.4182|5.97|0.895|||
149.4211|41.0556|5.11|0.481|||LMi
149.5557|12.4448|5.26|-0.035|ν||Leo
149.5949|72.8795|5.86|1.155|||
149.7178|-35.8910|5.23|0.300|η||Ant
149.9009|29.6452|5.75|1.059|||
149.9654|56.8118|5.50|1.487|||
150.0534|8.0442|4.68|1.589|π||Leo
150.1825|-82.2147|5.53|0.035|μ||Cha
150.2527|31.9237|5.37|0.676|||LMi
150.5004|-60.4209|5.93|0.263|||
150.7040|21.9493|5.68|-0.178|||
151.0873|-24.2855|5.70|0.303|||
151.1513|53.8917|5.71|0.507|||
151.2811|-13.0646|4.60|-0.087|υ2||Hya
151.5467|-47.3700|5.06|0.880|||
151.7896|-17.1417|5.59|1.490|||
151.8331|16.7627|3.48|-0.031|η|Al Jabhah|Leo
151.8573|35.2447|4.49|0.190|||LMi
151.9761|9.9975|4.39|1.448|A||Leo
151.9845|-0.3716|4.48|-0.032|α||Sex
152.0930|11.9672|1.36|-0.087|α|Regulus|Leo
152.1781|-65.8154|5.26|0.973|||
152.2343|-51.8113|4.85|-0.120|Q||Vel
152.3757|-68.6828|5.80|0.015|||
152.5245|-12.8159|5.30|0.368|||
152.5314|-8.4082|5.91|0.026|||Sex
152.6470|-12.3541|3.61|1.007|λ||Hya
152.6572|-41.7152|5.98|1.239|||
152.7328|-8.4185|5.64|1.304|||Sex
152.8032|37.4019|5.86|1.282|||
152.9436|-58.0605|5.70|-0.118|QY||Car
153.2015|4.6147|5.77|1.178|||Sex
153.3452|-51.2330|5.27|0.257|LW||Vel
153.3666|-51.7558|5.78|0.136|||
153.3776|-66.3728|5.15|0.217|M||Car
153.4342|-70.0379|3.29|-0.074|ω||Car
153.4413|-40.3461|5.91|1.204|||
153.6840|-42.1219|3.85|0.051|q||Vel
153.8815|-43.1124|5.59|1.520|||
154.0601|29.3105|5.49|0.020|||LMi
154.1345|23.5031|5.95|0.655|||Leo
154.1697|13.7283|5.42|1.650|||Leo
154.1726|23.4173|3.43|0.307|ζ|Adhafera|Leo
154.1740|25.3707|5.84|1.206|||
154.2707|-61.3323|3.39|1.541|q||Car
154.2741|42.9144|3.45|0.029|λ|Tania Borealis|UMa
154.3106|23.1062|5.81|0.500|||Leo
154.4075|-8.0689|5.25|0.336|ε||Sex
154.5084|65.1084|5.74|0.163|||UMa
154.5316|-28.9920|5.52|0.277|AG||Ant
154.6177|-41.6685|5.97|-0.063|||
154.6580|-56.1104|5.80|0.481|||
154.7711|-64.6763|5.66|0.042|||
154.8616|48.3968|6.00|1.022|||
154.9031|-55.0293|4.59|1.600|GZ||Vel
154.9340|19.4709|4.78|0.452|||Leo
154.9931|19.8415|2.01|1.128|γ1|Algieba|Leo
155.0696|-47.6991|5.66|1.667|||
155.2283|-56.0432|4.50|-0.102|J||Vel
155.2639|68.7477|5.88|0.241|EN||UMa
155.5440|41.2295|5.73|0.531|Wo9326||
155.5816|-41.6500|4.82|1.095|r||Vel
155.5823|41.4995|3.06|1.603|μ|Tania Australis|UMa
155.7423|-66.9015|4.97|-0.128|L||Car
155.7764|33.9081|5.89|0.147|||LMi
155.8603|-4.0740|5.93|-0.048|||Sex
155.8721|-38.0098|5.34|0.251|||
156.0327|65.5664|4.94|-0.052|ET||UMa
156.0358|33.7185|5.52|1.186|||LMi
156.0988|-74.0316|3.99|0.369|I||Car
156.2476|-58.5763|5.93|0.315|||
156.3133|8.7848|5.61|1.630|||Leo
156.4345|-7.0598|5.60|1.528|||
156.4784|33.7961|4.72|0.260|||LMi
156.5226|-16.8363|3.83|1.456|μ||Hya
156.7038|-54.8773|5.58|1.556|||
156.7879|-31.0678|4.28|1.429|α||Ant
156.8520|-57.6388|4.65|0.474|P||Car
156.8553|-65.7047|6.00|0.091|||
156.8668|41.6010|6.00|0.166|||
156.9697|-58.7394|3.81|0.317|s||Car
156.9708|36.7072|4.20|0.908|β||LMi
157.2191|-64.1723|5.27|1.856|||
157.3696|-2.7391|5.19|-0.050|δ||Sex
157.3707|-29.6638|5.58|1.420|||
157.3974|-30.6071|5.57|-0.041|δ||Ant
157.4228|84.2520|5.52|0.244|||
157.5269|38.9251|5.79|0.087|||LMi
157.5728|-0.6370|5.08|-0.138|β||Sex
157.5839|-71.9928|4.72|0.042|K||Car
157.6566|55.9805|4.82|0.541|||UMa
157.7493|-13.5885|5.59|-0.028|||
157.7586|-73.2215|4.94|1.677|||
157.7694|82.5586|5.25|0.399|GJ392.1||
157.8409|-53.7155|4.89|0.500|GJ397.2||
157.9641|32.3796|5.90|0.114|||LMi
157.9893|-45.0667|5.76|-0.194|s||Vel
158.0061|-61.6853|3.30|-0.089|p||Car
158.0491|14.1373|5.43|1.696|||Leo
158.1400|-44.6185|5.91|0.920|||
158.1992|-58.6667|5.98|0.290|||
158.2028|9.3066|3.84|-0.148|ρ||Leo
158.2369|-47.0034|5.02|1.045|t||Vel
158.3079|40.4256|4.72|0.222|||
158.3788|34.9887|5.57|0.029|||LMi
158.5037|-23.7452|5.08|1.596|||Hya
158.7001|6.9537|5.07|0.921|||Leo
158.7590|8.6504|5.67|0.059|||Leo
158.7728|75.7129|4.86|0.957|||
158.7904|57.0826|5.16|0.349|||UMa
158.8035|-39.5626|5.50|2.500|||
158.8671|-78.6078|4.11|1.580|γ||Cha
158.8971|-57.5576|4.45|1.604|r||Car
159.0855|-59.5644|5.08|1.172|t1||Car
159.1349|-12.2301|5.71|0.528|GJ398.1||
159.3072|-27.4126|4.87|1.626|||
159.3256|-48.2256|3.84|0.300|p||Vel
159.3628|-58.7333|5.47|0.500|V0370||Car
159.3886|-13.3845|4.89|2.500|U||Hya
159.5110|-57.2563|5.89|-0.128|V0514||Car
159.6456|-16.8766|4.91|0.922|φ||Hya
159.6801|31.9762|4.68|0.823|||LMi
159.6875|-59.1830|4.69|1.562|t2||Car
159.7484|-58.8169|5.96|1.692|||
159.7736|53.6683|5.55|1.270|||
159.7818|37.9100|5.84|0.595|||LMi
159.8266|-55.6033|4.29|1.025|x||Vel
160.0477|-65.1002|5.51|-0.158|V0364||Car
160.4511|68.4435|5.74|1.315|||
160.4647|-79.7833|5.97|-0.071|DR||Cha
160.4856|65.7163|5.12|1.207|||UMa
160.5588|-64.4664|4.76|-0.139|V0518||Car
160.6690|-59.2158|5.36|0.213|V0519||Car
160.6799|-32.7157|5.63|0.006|||
160.7392|-64.3945|2.74|-0.220|θ||Car
160.7578|26.3256|5.51|0.160|||LMi
160.7668|69.0762|5.01|1.406|||
160.8372|4.7477|5.77|1.168|||Sex
160.8540|23.1884|5.08|0.042|||LMi
160.8845|-60.5666|4.58|1.700|w||Car
160.8870|46.2039|5.18|0.324|||
160.9306|57.1992|5.79|-0.038|||UMa
160.9633|-64.2490|5.74|0.012|||
161.0288|-63.9611|4.80|-0.134|||
161.2668|67.4114|5.95|2.382|VY||UMa
161.3180|-80.4696|5.46|0.957|δ1||Cha
161.4458|-80.5402|4.45|-0.188|δ2||Cha
161.4662|30.6823|5.36|-0.050|||LMi
161.5690|-64.5146|5.33|-0.096|||
161.6023|18.8915|5.50|1.134|m||Leo
161.6053|14.1946|5.49|0.908|k||Leo
161.6233|-64.2632|5.23|-0.077|||
161.6924|-49.4203|2.69|0.901|μ||Vel
161.7134|-64.3835|4.87|-0.149|||
161.7169|-17.2969|5.44|0.112|b1||Hya
161.7395|-56.7572|5.14|-0.080|||
162.0225|-59.9192|5.98|0.274|V0522||Car
162.0588|-31.6879|5.87|0.028|||
162.1690|-1.9589|5.92|1.608|||
162.3143|10.5452|5.32|0.035|l||Leo
162.3518|-59.3238|5.85|0.008|||
162.4062|-16.1936|3.11|1.232|ν||Hya
162.4312|-9.8527|5.85|1.074|||
162.4876|-34.0582|5.61|0.038|||
162.5752|-8.8978|5.80|0.156|||Sex
162.7725|-3.0927|5.95|1.475|||
162.7959|56.5823|5.66|1.132|||UMa
162.8488|59.3201|5.57|1.160|||UMa
163.1285|-57.2404|5.26|0.130|V0524||Car
163.3279|34.2149|3.79|1.040||Praecipua|LMi
163.3730|-20.1387|5.23|0.480|b3||Hya
163.3736|-58.8532|3.78|0.945|u||Car
163.3779|69.8539|5.91|1.010|||
163.3935|54.5851|5.12|1.355|||UMa
163.4253|-70.7203|5.99|-0.020|||
163.4321|-2.1292|5.45|0.966|p1||Leo
163.4948|43.1900|4.66|-0.039|ω||UMa
163.5741|-13.7580|5.65|0.832|||
163.6233|-61.8266|5.95|1.736|||
163.7424|34.0348|5.73|1.032|||LMi
163.8218|-60.5170|5.93|1.065|T||Car
163.9033|24.7497|4.30|0.016|||Leo
163.9267|0.7369|5.91|0.425|||Leo
163.9349|33.5069|5.02|1.101|||UMa
164.0061|6.1854|5.91|1.256|||Leo
164.1794|-37.1378|4.60|1.006|ι||Ant
164.2827|-50.7650|5.90|0.173|IW||Vel
164.8073|-33.7376|5.70|0.374|||
164.8666|40.4303|5.03|0.624||Chalawan|UMa
164.8789|-16.3537|5.88|1.600|||
164.8866|36.0931|5.99|1.595|||
164.9436|-18.2988|4.08|1.079|α|Alkes|Crt
164.9974|-43.8071|5.81|-0.064|||
165.0386|-42.2259|4.37|0.116|i||Vel
165.0487|-14.0834|5.86|1.501|||
165.0613|45.5263|5.47|1.466|||
165.1402|3.6175|4.84|1.144|d||Leo
165.1867|6.1014|4.98|0.166|c||Leo
165.2101|39.2121|5.06|0.255|||UMa
165.4570|-2.4846|4.73|1.593|p2||Leo
165.4603|56.3824|2.34|0.033|β|Merak|UMa
165.5824|20.1798|4.42|0.053|b||Leo
165.8120|-11.3035|5.51|0.938|||
165.9025|-0.0008|5.95|1.218|p3||Leo
165.9320|61.7510|1.81|1.061|α|Dubhe|UMa
166.1300|-47.6791|5.67|0.256|||
166.2258|-35.8047|5.43|0.021|||
166.2543|7.3360|4.62|0.332|χ||Leo
166.3329|-27.2936|4.92|0.369|χ1||Hya
166.4899|-27.2879|5.69|-0.067|χ2||Hya
166.6351|-62.4241|4.62|0.988|z||Car
166.7079|-70.8779|5.58|-0.070|||
166.7259|1.9555|5.52|0.955|p4||Leo
166.8195|-42.6387|5.15|0.029|V0815||Cen
167.1417|-61.9472|5.11|0.195|z2||Car
167.1475|-58.9750|3.93|1.225|x||Car
167.1833|-28.0807|5.43|0.069|||
167.2045|24.6585|5.70|0.081|||Leo
167.3295|36.3094|5.71|1.400|CO||UMa
167.4104|43.2077|5.89|1.564|||
167.4159|44.4985|3.00|1.144|ψ||UMa
167.4725|-32.3675|5.79|0.027|||
167.9145|-22.8258|4.46|0.025|β|Al Sharasif|Crt
168.1377|-49.1010|5.37|0.175|||
168.1501|-60.3176|4.59|0.541|y||Car
168.1884|-64.1698|5.22|-0.082|||
168.3112|-44.3722|5.77|1.661|||
168.3783|-59.6193|5.74|-0.106|||
168.4141|-53.2318|5.75|1.309|||
168.4398|-0.0695|5.40|-0.020|p5||Leo
168.5076|8.0607|5.79|1.128|||
168.5271|20.5237|2.56|0.128|δ|Zosma|Leo
168.5600|15.4296|3.33|-0.003|θ|Chertan|Leo
168.8010|23.0955|4.56|1.657||Zubrah|Leo
168.9662|13.3076|5.31|1.189|n||Leo
169.1654|-3.6516|4.45|0.210|φ||Leo
169.1744|49.4763|5.88|1.102|||
169.3225|2.0106|5.18|1.511|||Leo
169.5468|31.5308|3.79|0.606|ξ|Alula Australis|UMa
169.6197|33.0943|3.49|1.400|ν|Alula Borealis|UMa
169.7290|1.6504|5.90|1.040|||Leo
169.7829|38.1856|4.76|0.113|||UMa
169.8185|-64.5825|5.99|0.471|||
169.8352|-14.7785|3.56|1.112|δ|Labr|Crt
170.2517|-54.4910|3.90|-0.157|π||Cen
170.2841|6.0293|4.05|-0.058|σ||Leo
170.7066|43.4827|4.99|0.998|||UMa
170.7839|-56.7794|5.82|-0.004|||
170.8028|-36.1648|5.00|1.464|||
170.8392|-64.9547|5.09|-0.061|||
170.8412|-18.7800|5.08|0.439|λ||Crt
170.9811|10.5295|4.00|0.423|ι||Leo
171.0097|1.4078|5.39|0.938|||Leo
171.0464|-72.2566|5.55|0.017|||
171.1525|-10.8593|4.81|1.556|ε||Crt
171.2205|-17.6840|4.06|0.216|γ||Crt
171.2455|11.4303|5.80|1.376|||
171.3727|-36.0631|5.21|0.979|||
171.3879|-37.7476|5.87|1.503|||
171.4016|16.4565|5.58|0.390|||Leo
171.4298|-63.9725|5.18|0.495|HD 99453||
171.4880|55.8505|5.73|0.988|||
171.6476|-61.1152|5.22|-0.077|||
171.6969|-53.1599|5.80|0.517|||
171.7897|-12.3567|5.93|0.490|κ||Crt
171.9843|2.8563|4.95|1.000|τ||Leo
172.1462|-42.6742|5.14|-0.028|||
172.2672|39.3370|5.30|0.019|||UMa
172.2690|61.7784|5.83|0.382|||
172.4109|-24.4640|5.77|0.067|||
172.4244|15.4133|5.74|1.371|||Leo
172.5787|-3.0035|4.77|1.529|e||Leo
172.6210|18.4098|5.54|1.056|||Leo
172.6297|43.1732|5.94|0.524|||UMa
172.8509|69.3311|3.82|1.613|λ|Giausar|Dra
172.9420|-59.4421|5.07|1.026|ο1||Cen
172.9533|-59.5156|5.12|0.432|ο2||Cen
173.0683|-29.2610|4.93|0.540|||Crt
173.0833|-66.9618|5.89|1.136|||
173.0864|61.0825|5.46|0.515|GJ431.1A||
173.1981|-7.8275|5.94|1.380|||
173.2003|-40.4362|5.64|1.578|||
173.2255|-31.0872|5.13|1.581|||
173.2505|-31.8576|3.54|0.947|ξ||Hya
173.4050|-40.5866|5.39|0.117|||
173.5915|3.0602|5.76|0.480|||Leo
173.6229|-32.8313|5.96|0.811|GJ432A||
173.6770|16.7969|5.95|-0.156|||Leo
173.6902|-54.2641|4.62|-0.077|A||Cen
173.7369|-49.1365|5.50|1.041|||
173.7704|54.7854|5.63|1.032|||
173.8053|-47.3726|5.64|1.682|C1||Cen
173.9454|-63.0198|3.11|-0.044|λ||Cen
173.9816|-47.6416|5.26|0.257|C2||Cen
174.0117|69.3230|5.19|0.974|||Dra
174.0748|27.7814|5.80|0.248|||
174.0932|-61.0524|5.84|-0.102|||
174.1456|-33.5701|5.71|1.020|||
174.1705|-9.8022|4.70|-0.073|θ||Crt
174.2372|-0.8237|4.30|0.983|υ||Leo
174.2522|-61.2834|5.14|1.105|||
174.3151|-75.8965|5.64|0.362|π||Cha
174.3916|-47.7473|5.46|1.230|C3||Cen
174.4516|-67.6204|5.94|1.013|||
174.5304|-61.8266|5.15|-0.040|||
174.5857|43.6254|5.56|0.348|||UMa
174.6150|8.1343|5.24|1.499|ω||Vir
174.6667|-13.2019|5.48|0.520|ι||Crt
174.8733|-65.3978|5.01|0.804|GT||Mus
175.0533|-34.7447|4.70|-0.070|ο||Hya
175.1770|-53.9686|5.95|1.670|V0914||Cen
175.1961|21.3527|5.26|0.984|||Leo
175.2235|-62.0901|4.93|1.111|||
175.2626|34.2016|5.31|0.723|||UMa
175.3325|-43.0957|5.54|0.044|||
175.3927|31.7461|5.73|0.440|||UMa
175.4331|-32.4994|5.20|1.475|||
175.6182|66.7449|5.32|1.267|||Dra
175.8633|-37.1902|5.98|1.449|||
175.8800|-62.4894|5.00|0.784|V0810||Cen
176.1907|-18.3507|4.71|0.958|ζ||Crt
176.3210|8.2581|4.84|0.174|ξ||Vir
176.4017|-66.7288|3.63|0.160|λ||Mus
176.4332|-45.6901|5.28|-0.118|||
176.4648|6.5294|4.04|1.501|ν||Vir
176.5126|47.7794|3.69|1.181|χ|Taiyangshou|UMa
176.6284|-61.1784|4.11|0.895|||
176.6295|-40.5004|4.89|0.664|GJ442A||
176.7318|55.6282|5.27|1.276|||
176.8298|-57.6965|5.42|1.664|V0918||Cen
176.9788|8.2459|5.31|0.038|A1||Vir
176.9964|20.2189|4.50|0.547|||Leo
177.0606|-66.8149|4.75|1.522|μ||Mus
177.1613|14.2842|5.90|0.303|||
177.1878|-26.7498|5.10|1.594|II||Hya
177.2649|14.5721|2.14|0.090|β|Denebola|Leo
177.4211|-63.7885|4.30|-0.149|j||Cen
177.4238|34.9318|5.73|0.467|||
177.4859|-70.2258|4.98|1.360|||
177.6137|-62.6494|5.68|0.233|||
177.6738|1.7647|3.59|0.518|β|Zavijava|Vir
177.7593|-5.3333|5.62|1.058|||
177.7862|-45.1735|4.47|1.283|B||Cen
177.9234|-30.8348|5.85|0.554|||
177.9634|-65.2059|4.89|-0.123|||
178.0428|-56.9877|5.56|0.069|||
178.2272|-33.9081|4.29|-0.100|β||Hya
178.4577|53.6948|2.41|0.044|γ|Phecda|UMa
178.6772|-25.7139|5.26|0.883|||
178.7500|-63.2792|5.89|0.210|||
178.7631|8.4439|5.58|0.937|A2||Vir
178.9172|-28.4771|5.93|1.499|||
178.9189|15.6468|5.53|0.116|o||Leo
178.9934|56.5986|5.83|1.101|||UMa
179.0040|-17.1508|5.17|-0.022|η||Crt
179.4167|-62.4487|5.59|-0.152|||
179.5634|-56.3173|5.44|-0.062|||
179.6986|-64.3396|5.59|0.174|||
179.8231|33.1670|5.95|1.153|||
179.9066|-78.2218|4.88|-0.054|ε||Cha
179.9871|3.6552|5.36|-0.001|b||Vir
180.1852|-10.4460|5.54|0.760|GJ454||
180.2132|-19.6590|5.28|-0.192|||Crv
180.2183|6.6143|4.65|0.122|π||Vir
180.4145|36.0421|5.59|1.019|||
180.5283|43.0456|5.22|0.283|||UMa
180.6571|-69.1923|5.89|-0.080|||
180.7563|-63.3129|4.32|0.280|θ1||Cru
180.9149|-42.4341|5.15|0.417|HD 104731||
181.0692|21.4592|5.89|0.248|||Com
181.0801|-63.1657|4.72|-0.081|θ2||Cru
181.1620|-68.3289|5.34|-0.012|||
181.1936|-76.5191|5.04|1.491|κ||Cha
181.2384|-60.9683|5.95|1.691|||
181.3022|8.7330|4.12|0.967|ο||Vir
181.3130|76.9057|5.78|1.029|HD 104985|Tonatiuh|
181.5959|-65.7095|5.95|0.613|||
181.7204|-64.6137|4.14|0.353|η||Cru
181.9578|-75.3670|5.17|1.278|||
182.0218|-50.6613|4.46|-0.163|V0863||Cen
182.0613|-48.6925|5.34|-0.010|E||Cen
182.0896|-50.7224|2.58|-0.128|δ||Cen
182.1034|-24.7289|4.02|0.334|α|Alchiba|Crv
182.2242|-44.3260|5.75|0.240|V0788||Cen
182.2275|-41.2316|5.51|-0.097|V0817||Cen
182.4221|1.8979|5.95|1.120|||Vir
182.5142|5.8070|5.72|0.352|||Vir
182.5312|-22.6198|3.02|1.326|ε|Minkar|Crv
182.7499|81.7098|6.00|1.618|||
182.7660|-23.6024|5.45|0.055|||Crv
182.9130|-52.3685|3.97|-0.156|ρ||Cen
182.9632|25.8703|5.66|1.401|||Com
183.0387|20.5421|5.60|0.961|||Com
183.0498|77.6162|5.14|0.358|CO||Cam
183.0916|-62.9508|5.91|0.253|||
183.3543|-38.9292|5.77|-0.144|||
183.3581|10.2623|5.85|0.262|||Vir
183.5112|-45.7239|5.31|1.400|D||Cen
183.7483|-20.8442|5.82|1.052|||
183.7854|70.2000|5.72|1.179|||
183.7863|-58.7489|2.79|-0.193|δ|Imai|Cru
183.8565|57.0326|3.32|0.077|δ|Megrez|UMa
183.9515|-17.5419|2.58|-0.107|γ|Gienah|Crv
184.0008|14.8991|5.09|0.068|||Com
184.0315|40.6602|5.69|1.586|||CVn
184.0856|23.9454|4.93|0.957|||Com
184.1256|33.0615|4.99|1.140|||
184.3733|53.1913|5.80|1.330|||
184.3774|28.9372|5.71|0.160|||
184.3928|-67.9607|4.06|1.603|ε||Mus
184.5868|-79.3122|4.24|-0.123|β||Cha
184.6094|-64.0031|4.06|-0.168|ζ||Cru
184.6680|-0.7872|5.90|0.168|||Vir
184.7083|75.1606|5.47|0.054|||
184.7490|-55.1430|5.01|1.600|F||Cen
184.9530|48.9841|5.28|1.623|||CVn
184.9765|-0.6668|3.89|0.026|η|Zaniah|Vir
185.0449|-22.1757|5.94|0.824|||
185.0820|26.6195|5.52|1.091|||
185.0874|3.3126|4.97|1.172|c||Vir
185.1402|-22.2159|5.20|-0.090|ζ||Crv
185.1793|17.7929|4.72|1.010|||Com
185.2120|57.8641|5.54|1.452|||UMa
185.2321|-13.5657|5.14|1.048|||
185.3400|-60.4011|3.59|1.389|ε|Ginan|Cru
185.4893|-56.3744|5.91|1.533|||
185.5306|-67.5221|5.15|0.195|ζ2||Mus
185.5501|-68.3073|5.73|1.038|ζ1||Mus
185.6263|25.8462|4.78|0.515|||Com
185.7060|-57.6761|5.38|-0.098|||
185.8399|-24.8407|5.66|1.153|||Crv
185.8976|-35.4127|5.32|-0.066|x1||Cen
185.9364|-38.9114|5.79|-0.064|||
186.0062|51.5623|4.76|0.877|||CVn
186.0772|26.0986|5.17|0.082|||Com
186.2634|56.7778|5.82|1.622|||UMa
186.2990|-11.6106|5.95|0.043|||
186.3406|-35.1864|5.71|-0.066|x2||Cen
186.4622|39.0186|5.01|0.955|||CVn
186.6003|27.2682|4.92|0.277|||Com
186.6323|-51.4506|4.82|-0.141|G||Cen
186.6496|-63.0991|0.77|-0.243|α1|Acrux|Cru
186.7154|-32.8301|5.56|0.007|||
186.7345|28.2684|4.35|1.128|γ|Al Dafirah|Com
186.7471|26.8257|4.98|0.088|||Com
186.8702|-58.9918|5.38|1.543|BL||Cru
186.8963|55.7127|5.68|1.582|||UMa
187.0099|-50.2306|3.91|-0.192|σ||Cen
187.0936|-39.0412|5.45|-0.073|u||Cen
187.2279|25.9129|5.29|-0.056|||Com
187.3627|24.1089|5.47|0.445|||Com
187.4302|20.8961|5.68|0.093|||Com
187.4661|-16.5154|2.94|-0.012|δ|Algorab|Crv
187.4758|-56.5249|5.78|1.572|||
187.4889|58.4057|5.37|0.205|||UMa
187.4912|-41.7359|6.00|1.515|V0928||Cen
187.5277|69.2011|5.01|1.621|||Dra
187.5727|-23.6964|5.63|1.670|||
187.7523|24.5672|5.47|0.056||Kissin|Com
187.7915|-57.1132|1.59|1.600|γ|Gacrux|Cru
187.9180|-59.4239|5.49|0.622|||Cru
187.9838|-63.5058|5.96|0.263|||
188.0176|-16.1960|4.30|0.388|η||Crv
188.0416|-73.0011|5.88|1.078|||
188.1167|-72.1330|3.84|-0.157|γ||Mus
188.1500|-13.8591|5.74|0.376|||
188.3706|69.7882|3.85|-0.116|κ||Dra
188.3927|-12.8302|5.58|0.861|||
188.4122|33.2476|5.42|1.011|||
188.4356|41.3575|4.24|0.588|β|Chara|CVn
188.4448|-9.4521|5.48|-0.035|q||Vir
188.5968|-23.3968|2.65|0.893|β|Kraz|Crv
188.6766|-44.6730|5.76|0.683|||
188.6834|70.0218|4.95|1.312|||Dra
188.7128|22.6293|4.80|0.012|||Com
188.7823|18.3771|5.03|1.152|||Com
188.7840|21.8814|5.86|1.242|||
188.9397|-41.0219|5.12|0.224|||
189.0043|-39.8695|5.78|0.003|||
189.1973|-5.8319|5.88|0.072|f||Vir
189.2431|17.0895|5.70|1.436|||Com
189.2959|-69.1356|2.69|-0.176|α||Mus
189.4262|-27.1389|5.41|0.334|||
189.4257|-48.5413|3.85|0.049|τ||Cen
189.5934|1.8547|5.68|1.592|FW||Vir
189.6859|-18.2501|6.00|0.310|||
189.7644|-30.4224|5.86|1.207|||
189.7805|21.0626|5.49|0.978|||Com
189.8115|-7.9956|4.66|1.240|χ||Vir
189.9689|-39.9873|4.63|-0.082|l||Cen
190.3165|-13.0139|5.17|0.432|VV||Crv
190.3458|-46.1456|5.84|1.475|||
190.3793|-48.9599|2.20|-0.023|γ|Muhlifain|Cen
190.4152|-1.4494|2.74|0.368|γ|Porrima|Vir
190.4711|10.2356|4.88|0.076|ρ||Vir
190.4857|-59.6858|4.91|-0.044|||Cru
190.4880|6.8066|5.57|0.002|d1||Vir
190.6477|-48.8131|4.66|1.075|w||Cen
190.7094|-63.0586|5.27|0.195|BZ||Cru
190.7882|-56.1762|5.99|-0.074|||
190.9085|-1.5770|5.91|0.850|||
191.0022|-28.3240|5.46|1.346|||
191.2475|39.2789|5.95|0.557|||CVn
191.2826|45.4403|5.42|2.500|Y|La Superba|CVn
191.4044|7.6733|5.22|0.322|d2||Vir
191.4085|-60.9813|4.69|1.049|ι||Cru
191.5700|-68.1081|3.04|-0.178|β||Mus
191.5939|9.5397|5.65|0.989|||Vir
191.5946|-56.4888|4.62|-0.150|||
191.6615|16.5777|5.12|1.346|||Com
191.6926|-33.3155|5.87|1.326|||
191.8290|62.7812|5.88|0.215|||
191.8931|66.7903|5.43|1.567||Tianyi|Dra
191.9303|-59.6888|1.25|-0.238|β|Mimosa|Cru
192.1094|-27.5974|5.65|0.947|||
192.1644|60.3198|5.83|0.467|Wo9417||
192.2259|14.1226|5.71|0.024|||Com
192.2778|83.4178|5.92|0.015|||
192.3069|83.4129|5.38|0.033|||
192.3227|27.5524|5.76|0.051|||Com
192.4374|-71.9863|5.55|1.154|||
192.5448|37.5169|5.87|0.170|DT||CVn
192.6715|-33.9993|4.90|-0.031|p||Cen
192.7412|-52.7874|5.70|0.127|||
192.8249|-60.3298|5.71|0.344|DS||Cru
192.9247|27.5407|4.93|0.681||Polaris Galacticus Borealis|Com
192.9872|-39.6804|5.99|-0.098|||
193.2674|-54.9525|5.91|1.309|||
193.2788|-48.9433|4.33|1.344|e||Cen
193.3239|21.2449|4.89|0.904|||Com
193.3412|-60.3285|5.75|0.295|||
193.3592|-40.1789|4.25|0.224|n||Cen
193.4538|-60.3762|5.89|0.200|κ||Cru
193.5073|55.9598|1.76|-0.022|ε|Alioth|UMa
193.5777|-11.6486|6.00|0.068|||
193.5882|-9.5390|4.77|1.590|ψ||Vir
193.6484|-57.1779|4.03|-0.180|μ1||Cru
193.6537|-57.1687|5.08|-0.089|μ2||Cru
193.6633|-59.1467|4.62|-0.153|λ||Cru
193.7355|47.1967|5.75|1.451|TU||CVn
193.7450|-85.1234|5.45|0.991|ι||Oct
193.7438|-44.1520|5.89|0.633|Wo9423||
193.8310|-42.9157|5.46|1.668|||
193.8690|65.4385|5.23|0.303||Taiyi|Dra
193.9009|3.3975|3.39|1.571|δ|Minelauva|Vir
193.9881|-56.8358|5.34|0.010|||
194.0019|38.3149|5.61|0.337|α1||CVn
194.0069|38.3184|2.89|-0.115|α2|Cor Caroli|CVn
194.0732|54.0995|5.84|0.204|||
194.1320|-72.1852|5.93|1.115|||
194.2681|-51.1988|5.17|-0.066|H||Cen
194.6972|75.4725|6.00|1.030|||
194.7310|17.4094|4.76|1.568|||Com
194.9147|-3.8119|5.79|0.203|k||Vir
194.9795|66.5973|5.37|1.282|||Dra
195.0686|30.7850|4.88|1.165|||Com
195.1498|-3.3685|5.99|1.119|||Vir
195.1821|56.3663|4.93|0.368|||UMa
195.2901|17.1231|5.97|0.971|||Com
195.5442|10.9592|2.85|0.934|ε|Vindemiatrix|Vir
195.5678|-71.5489|3.61|1.190|δ||Mus
195.7722|-71.4757|5.93|0.002|||
195.8888|-49.5273|4.83|0.029|ξ1||Cen
195.9421|-20.5835|5.58|0.554|GJ496A||
196.4351|35.7989|5.20|-0.059|||CVn
196.4678|45.2685|5.64|1.135|||
196.5696|-48.4633|4.71|-0.148|f||Cen
196.5885|21.1534|6.00|0.393|||Com
196.5942|22.6162|5.53|1.461|||Com
196.6462|-41.5884|5.59|1.050|||
196.7261|-35.8620|5.63|0.050|||
196.7277|-49.9062|4.27|-0.182|ξ2||Cen
196.7947|27.6247|4.80|1.482|||Com
196.8512|-59.8605|5.98|0.435|||
196.9095|-53.4598|5.70|-0.061|||
196.9742|-10.7404|5.15|1.138|||Vir
197.0298|-65.3060|5.44|-0.033|θ||Mus
197.1353|-8.9844|5.57|1.178|g||Vir
197.2636|-23.1181|4.94|1.048|ψ||Hya
197.3018|10.0225|5.79|1.025|||
197.4387|-10.3293|5.95|1.490|||Vir
197.4494|16.8486|5.91|1.450|||
197.4875|-5.5390|4.38|-0.008|θ|Apami-Atsa|Vir
197.4970|17.5294|4.32|0.455|α|Diadem|Com
197.5134|38.4990|5.91|0.294|||CVn
197.7870|-42.2329|5.78|0.521|||
197.8467|-43.3686|5.24|1.049|||
197.9643|-69.9420|5.92|0.415|||
197.9683|27.8782|4.23|0.572|β||Com
198.0148|-16.1986|5.04|0.460|||Vir
198.0133|-37.8030|4.85|0.693|GJ501.2||
198.0733|-59.9206|4.58|-0.073|V0831||Cen
198.1372|11.5561|5.76|1.499|||
198.2033|-66.2267|5.91|0.048|||
198.3473|-50.6998|5.90|-0.011|||
198.4289|40.1529|4.94|1.061|||
198.5454|-19.9309|5.31|0.862|||Vir
198.5504|-58.6839|5.91|1.084|||
198.5631|-59.1032|4.90|0.489|GJ503AB||
198.5722|-78.4475|5.84|1.040|||
198.6303|11.3317|5.64|1.514|LN||Vir
198.6803|-48.9570|5.84|1.061|||
198.8123|-67.8946|4.79|-0.078|η||Mus
198.8831|40.8552|5.77|0.198|||CVn
198.9949|-19.9431|5.21|1.011|||Vir
199.1938|9.4242|5.19|0.585|e||Vir
199.2214|-31.5062|5.10|0.959|r||Cen
199.3042|-66.7834|4.86|1.480|||
199.3080|-43.9795|5.82|0.187|||
199.3151|13.6758|5.33|1.304|||
199.3856|40.5726|4.72|0.306|||CVn
199.4012|5.4699|4.78|1.638|σ||Vir
199.5605|49.6821|5.14|-0.049|||CVn
199.6013|-18.3112|4.74|0.709|||Vir
199.6155|34.0983|5.81|1.366|||
199.7304|-23.1715|2.99|0.920|γ||Hya
200.0790|40.1505|5.60|1.204|||CVn
200.1492|-36.7123|2.75|0.068|ι||Cen
200.1576|-52.7478|5.47|-0.125|V0964||Cen
200.2014|-55.8007|6.00|0.236|||
200.2404|-46.8800|5.76|1.106|||
200.4235|2.0872|5.69|0.045|||
200.5404|5.1548|5.89|0.109|||Vir
200.5679|-52.1830|5.81|0.072|||
200.6581|-60.9884|4.52|-0.141|J||Cen
200.7546|-17.7353|5.36|0.987|||Vir
200.8287|-4.9244|5.88|1.431|||Vir
200.9814|54.9254|2.23|0.057|ζ|Mizar|UMa
201.0020|-64.5357|4.52|0.822|m||Cen
201.1385|-5.1640|5.76|0.415|||Vir
201.2778|23.8544|5.75|0.090|||
201.2797|-74.8878|5.04|1.110|ι1||Mus
201.2982|-11.1613|0.98|-0.235|α|Spica|Vir
201.3064|54.9880|3.99|0.169|g|Alcor|UMa
201.3080|-64.4851|5.32|0.411|||
201.4596|-70.6272|5.65|-0.018|||
201.5324|-39.7551|5.11|1.181|||
201.5336|72.3915|5.82|1.652|||
201.5476|-1.1925|5.97|0.183|||
201.5692|46.0281|5.88|0.985|||
201.6799|-12.7077|5.27|1.477|i||Vir
201.7338|-41.4976|5.69|1.477|||
201.7367|78.6439|5.74|0.769|||
201.8632|-15.9736|4.76|1.096|||Vir
202.1075|13.7788|4.97|0.714|||Vir
202.1129|59.9458|5.40|-0.010|||
202.3042|10.8183|5.65|1.052|||Vir
202.3552|-51.1651|5.04|0.059|K||Cen
202.7611|-39.4073|3.90|1.186|d||Cen
202.9912|-6.2558|4.68|1.606|l||Vir
203.1496|-28.6928|5.69|0.037|||
203.2152|-15.3630|5.52|1.228|||Vir
203.2420|-10.1650|5.21|0.964|h||Vir
203.5304|55.3484|5.60|-0.014|||UMa
203.5330|3.6590|4.92|0.029|o||Vir
203.6136|49.0160|4.68|0.132|||CVn
203.6685|-13.2143|5.92|0.020|y||Vir
203.6733|-0.5958|3.38|0.114|ζ|Heze|Vir
203.6992|37.1824|4.91|0.404|BH||CVn
203.8804|-5.3962|5.70|0.950|||Vir
204.2019|-26.4952|5.73|0.220|||
204.2462|24.6133|5.72|1.593|||
204.2750|-44.1432|5.96|0.936|||
204.2958|71.2423|5.50|1.219|||
204.3016|-61.6919|5.63|0.493|||
204.3478|-46.4279|5.91|-0.110|||
204.3651|36.2949|4.82|0.239|||CVn
204.6753|-29.5609|5.81|0.431|||
204.7040|-57.6227|6.00|1.138|||
204.8769|52.9212|5.46|0.113|||UMa
204.8942|10.7463|5.57|0.348|||
204.9523|-40.0517|5.61|1.301|||
204.9719|-53.4664|2.29|-0.171|ε||Cen
204.9992|-49.9500|5.74|1.496|V0744||Cen
205.0446|-64.5766|5.79|0.401|||
205.1686|19.9557|5.73|0.017|||Boo
205.1845|54.6816|4.63|1.630|||UMa
205.2312|-85.7860|5.56|0.183|κ||Oct
205.2598|22.4958|5.63|1.009|||Boo
205.3746|64.8224|5.85|0.073|||
205.4032|-8.7030|5.03|1.623|m||Vir
205.4365|-54.5594|4.99|-0.055|Q||Cen
205.5045|-58.7871|5.38|-0.029|||
205.5962|82.7524|5.92|0.993|||
205.6633|78.0644|5.91|1.000|||
205.6810|34.9890|5.98|0.857|||
205.7293|-41.4010|5.96|1.019|||
205.7338|-56.7680|6.00|-0.096|||
205.7655|3.5379|5.35|1.091|||Vir
205.9170|-42.0675|5.96|-0.075|||
206.1243|-16.1791|5.55|0.805|||Vir
206.4037|-26.1160|5.81|0.023|||
206.4219|-33.0437|4.23|0.390|i||Cen
206.4847|-12.4265|5.50|0.898|||Vir
206.5564|41.0887|5.88|0.211|||
206.5794|38.5036|5.92|0.948|||
206.6486|54.4327|5.68|-0.039|||UMa
206.6641|-51.4328|4.64|0.955|M||Cen
206.6805|25.7022|5.97|0.523|||Boo
206.7348|-36.2519|5.15|-0.007|z||Cen
206.7491|38.5427|5.51|1.036|||
206.8156|17.4569|4.50|0.508|τ||Boo
206.8558|-17.8598|5.41|1.623|||Vir
206.8652|-50.2493|5.92|0.279|||
206.8852|49.3133|1.85|-0.099|η|Alkaid|UMa
206.9106|-50.3207|5.46|1.351|||
207.1614|31.1902|5.61|1.032|||
207.3613|-34.4508|4.19|1.520|g||Cen
207.3693|15.7979|4.05|1.520|υ||Boo
207.3762|-41.6877|3.41|-0.225|ν||Cen
207.4041|-42.4737|3.47|-0.170|μ||Cen
207.4285|21.2641|4.92|1.432|e||Boo
207.4396|61.4893|5.97|0.974|||
207.4678|-18.1342|4.96|1.059|||Vir
207.6028|5.4972|6.00|0.899|||
207.7884|34.6644|5.89|1.635|||
207.8581|64.7233|4.58|1.572|i||Dra
207.9467|-46.8987|5.77|-0.153|||
207.9476|-69.4013|5.73|1.704|||
207.9478|34.4442|4.76|1.611|AW||CVn
207.9567|-32.9941|4.32|-0.146|k||Cen
208.0203|-52.8115|5.26|-0.084|N||Cen
208.2928|28.6481|5.91|0.202|||
208.3022|-31.9276|4.75|-0.111|h||Cen
208.3039|17.9329|5.71|0.845|||Boo
208.3865|-35.6642|5.53|0.444|y||Cen
208.4296|-53.3733|5.87|0.009|||
208.4626|53.7287|5.70|-0.032|||UMa
208.4885|-47.1282|5.83|-0.053|V0767||Cen
208.6712|18.3977|2.68|0.580|η|Muphrid|Boo
208.6756|-1.5031|5.16|1.093|p||Vir
208.7046|-67.6521|5.74|1.490|||
208.8006|-52.1608|5.66|-0.072|||
208.8849|-47.2884|2.55|-0.176|ζ|Alnair|Cen
208.9120|-82.6662|5.95|1.411|||
209.0824|-46.5929|5.82|1.140|||
209.1162|1.0506|5.90|0.217|||Vir
209.1373|-54.7047|6.00|0.780|GJ534.1A||
209.1424|27.4921|5.02|1.441|||Boo
209.4120|-63.6867|4.71|1.075|||
209.5678|-42.1008|3.83|-0.224|φ||Cen
209.6298|-24.9722|5.20|-0.086|||Hya
209.6622|21.6962|5.76|-0.002|||Boo
209.6698|-44.8036|3.87|-0.208|υ1||Cen
209.8228|-50.3696|5.92|0.957|||
210.0005|-25.0104|5.77|0.480|||Hya
210.2185|-66.2689|5.96|0.352|||
210.3351|8.8949|5.98|0.089|||
210.4116|1.5445|4.23|0.121|τ||Vir
210.4312|-45.6034|4.34|0.598|υ2||Cen
210.5949|-27.4298|5.47|1.331|||
210.8604|-56.2134|5.93|1.207|||
210.9559|-60.3730|0.61|-0.231|β|Hadar|Cen
211.0973|64.3759|3.67|-0.049|α|Thuban|Dra
211.3328|-76.7968|5.69|1.239|θ||Aps
211.5115|-41.1796|4.36|-0.198|χ||Cen
211.5929|-26.6824|3.25|1.091|π||Hya
211.6706|-36.3700|2.06|1.011|θ|Menkent|Cen
211.6784|-9.3135|5.46|0.347|||Vir
211.9823|43.8545|5.13|1.493|BY||Boo
212.0721|49.4582|5.26|1.637|||Boo
212.2122|77.5475|4.80|1.368|||UMi
212.3960|-51.5047|5.96|-0.053|V0869||Cen
212.4784|-53.4389|4.74|0.938|||
212.5997|25.0917|4.82|0.541|d||Boo
212.7104|-16.3020|4.93|1.684|ET||Vir
213.0167|69.4325|5.18|1.595|||
213.0659|2.4094|4.99|-0.118|CU||Vir
213.1918|-27.2612|5.07|1.130|||Hya
213.2239|-10.2737|4.18|1.323|κ|Kang|Vir
213.3184|-53.6657|5.53|1.438|||
213.3709|51.7900|4.53|0.233|κ2|Asellus Tertius|Boo
213.4200|-0.8455|5.89|0.489|||
213.5216|12.9594|5.53|0.537|||Boo
213.6778|-41.8375|5.61|0.929|||
213.7119|10.1006|5.29|1.007|||Boo
213.7381|-57.0861|5.03|-0.074|V0795||Cen
213.8504|-18.2007|5.53|0.001|||
213.9153|19.1824|-0.05|1.239|α|Arcturus|Boo
214.0036|-6.0005|4.07|0.511|ι|Syrma|Vir
214.0414|51.3672|4.75|0.236|ι|Asellus Secundus|Boo
214.0959|46.0883|4.18|0.087|λ|Xuange|Boo
214.1613|-66.5879|5.72|-0.095|||
214.3685|15.2634|5.84|1.678|||Boo
214.4992|35.5095|4.80|1.057|A||Boo
214.5579|-81.0078|4.89|0.243|η||Aps
214.6594|-18.7160|5.86|0.013|CS||Vir
214.7537|-25.8154|5.87|0.518|GJ542.1A||
214.7775|-13.3711|4.52|0.128|λ|Khambaliya|Vir
214.8178|13.0043|5.41|0.385|||Boo
214.8495|-37.0029|5.93|0.082|||
214.8509|-46.0581|3.55|-0.184|ι||Lup
214.8853|-2.2655|5.14|1.023|υ||Vir
214.9385|16.3069|4.84|1.228|||Boo
214.9646|-61.2730|5.22|0.281|||
215.0404|-43.0588|5.55|0.907|||
215.0814|-56.3865|4.30|0.082|v||Cen
215.1393|-37.8853|4.05|-0.030|ψ||Cen
215.1774|-45.1871|4.78|0.310|||
215.5822|-34.7868|5.57|-0.088|||
215.5965|-80.1089|5.06|-0.108|ε||Aps
215.6545|-58.4591|4.76|0.795|||
215.7593|-39.5118|4.41|-0.185|a|Bidelman's Helium Variable Star|Cen
215.7741|-27.7540|4.78|1.300|k||Hya
215.8446|8.4466|4.86|0.010|||
215.9524|-53.1762|5.99|1.099|||
216.0037|8.2440|5.94|0.066|||
216.0473|5.8201|5.10|0.124|||
216.2026|-24.8063|5.34|0.962|||
216.2764|-68.1953|5.56|0.435|||
216.2992|51.8507|4.04|0.497|θ|Asellus Primus|Boo
216.5343|-45.2214|4.56|-0.147|τ1||Lup
216.5451|-45.3793|4.33|0.434|τ2||Lup
216.6140|19.2269|5.40|0.231|f||Boo
216.7301|-83.6679|4.31|1.300|δ||Oct
216.7795|-65.8216|5.87|1.502|||
216.8007|-46.1343|5.83|0.311|||
216.8814|75.6960|4.25|1.431|||UMi
217.0434|-29.4916|4.97|-0.074|l||Hya
217.0506|-2.2280|4.81|0.693|φ|Elgafar|Vir
217.1576|49.8449|5.58|0.864|g||Boo
217.1738|-6.9005|5.42|1.490|||Vir
217.4605|0.8289|5.96|0.159|||
217.5360|-45.3214|5.51|-0.087|||
217.5873|-49.5190|5.38|0.056|||
217.7952|-38.8697|5.99|1.060|||
217.8185|-67.7172|5.84|1.006|||
217.9575|30.3714|3.57|1.298|ρ||Boo
218.0195|38.3083|3.04|0.191|γ|Seginus|Boo
218.0843|26.6773|6.00|0.230|||
218.1289|55.3980|5.74|1.529|||
218.1356|22.2601|5.91|0.391|||Boo
218.1544|-50.4572|4.44|-0.177|σ||Lup
218.3749|-52.6795|5.86|1.085|||
218.3849|-54.9986|5.86|0.482|||
218.6651|49.3684|5.74|1.560|CH||Boo
218.6701|29.7451|4.47|0.364|σ||Boo
218.8768|-42.1578|2.33|-0.157|η||Cen
218.8812|-41.5174|5.88|-0.085|||
219.0793|-46.2455|5.55|1.489|||
219.1839|-40.2116|5.74|-0.112|||
219.3340|-46.1334|5.39|0.927|a||Lup
219.4718|-49.4258|4.05|-0.152|ρ||Lup
219.5525|43.6421|5.74|1.481|||
219.5583|18.2984|5.90|1.099|HD 128750||
219.5634|54.0233|5.83|0.007|||
219.7093|44.4045|5.39|0.030|||Boo
219.8962|-60.8372|1.35|0.900|α2|Toliman|Cen
219.9021|-60.8340|-0.01|0.710|α1|Rigil Kentaurus|Cen
220.1766|13.5343|5.93|0.238|||
220.1815|16.4183|4.49|-0.002|π1||Boo
220.2558|-36.1349|5.67|-0.081|||
220.2873|13.7283|3.78|0.044|ζ||Boo
220.4115|8.1618|4.86|0.992|||Boo
220.4313|11.6607|5.55|0.941|||Boo
220.4823|-47.3882|2.30|-0.154|α|Men|Lup
220.4900|-37.7935|4.01|-0.157|b||Cen
220.6267|-64.9751|3.18|0.256|α||Cir
220.7651|-5.6582|3.87|0.385|μ|Rijl al Awwa|Vir
220.8065|-24.9978|5.70|0.006|||Lib
220.8557|26.5279|4.80|1.672|||Boo
220.9143|-35.1737|4.06|1.356|c1||Cen
220.9351|40.4593|5.72|1.398|||
221.2467|-35.1918|4.92|0.013|c2||Cen
221.2467|27.0742|2.35|0.966|ε|Izar|Boo
221.3103|16.9643|4.60|0.972|ο||Boo
221.3222|-62.8756|5.36|0.308|||
221.3759|0.7173|5.68|-0.021|||Vir
221.5003|-25.4432|5.15|0.315|m||Hya
221.5248|15.1318|5.78|1.335|EK||Boo
221.5282|-23.1530|5.80|0.980|||
221.5622|1.8929|3.73|-0.005|||Vir
221.6208|-47.4411|5.74|0.066|||
221.7554|-52.3835|5.22|0.984|b||Lup
221.7712|-38.2906|5.90|1.336|||
221.8440|-25.6243|5.61|-0.043|||Hya
221.9367|-26.0875|5.23|0.938|||Hya
221.9655|-79.0448|3.83|1.433|α||Aps
221.9898|-26.6462|5.76|-0.007|||Hya
222.1585|-36.6347|5.89|1.369|V0768||Cen
222.1856|-66.5936|5.91|-0.106|CO||Cir
222.3278|46.1162|5.76|0.482|h|Merga|Boo
222.3281|-24.2515|5.68|1.275|||
222.3294|-14.1490|5.32|0.066|μ||Lib
222.4221|48.7208|5.68|0.501|||Boo
222.4933|28.6158|5.80|0.046|||
222.5659|23.9118|5.86|0.576|HP||Boo
222.5721|-27.9604|4.42|1.366|E||Hya
222.5851|82.5119|5.63|0.671|HD 133002||
222.6235|37.2720|5.47|1.030|||
222.6716|-15.9972|5.15|0.401|α1|Zubenelgenubi|Lib
222.6764|74.1555|2.07|1.465|β|Kochab|UMi
222.7196|-16.0418|2.75|0.147|α2|Zubenelgenubi|Lib
222.7545|-2.2992|4.93|0.988|||Lib
222.8474|19.1005|4.54|0.720|ξ||Boo
222.8602|59.2940|5.48|1.369|||
222.9096|-43.5754|4.32|-0.154|ο||Lup
223.1469|-63.8098|5.91|0.660|AX||Cir
223.2128|-37.8032|5.02|-0.155|V1019||Cen
223.3066|-73.1901|5.59|0.820|||
223.3490|19.1528|6.00|0.841|DE||Boo
223.5839|-24.6422|5.27|1.336|||Lib
223.5953|-11.8983|5.78|0.982|ξ1||Lib
223.6580|-33.3006|5.85|1.429|||
223.8940|-60.1142|5.18|1.161|||
223.9363|-33.8558|5.32|0.046|||
224.0551|14.4463|5.90|-0.031|||
224.0719|-52.8095|5.38|0.142|c||Lup
224.0960|49.6284|5.63|0.533|HD 132254||
224.1336|-47.8792|5.62|-0.035|||
224.1833|-62.7810|5.08|-0.023|θ||Cir
224.1921|-11.4097|5.48|1.491|ξ2||Lib
224.2958|-4.3465|4.47|0.318|||Lib
224.2987|16.3881|5.72|0.951|||
224.3667|-21.4155|5.72|1.024|KX||Lib
224.3885|-0.1676|5.51|1.131|M||Ser
224.3959|65.9325|4.63|1.590|RR||UMi
224.4708|-76.6627|5.37|1.442|R||Aps
224.6330|-43.1340|2.68|-0.184|β|KeKouan|Lup
224.6636|-27.6573|5.65|0.262|||Hya
224.7233|-11.1440|5.88|1.274|||Lib
224.7904|-42.1042|3.13|-0.208|κ|Ke Kwan|Cen
224.8463|4.5678|5.91|1.615|||
224.9039|39.2653|5.64|0.336|||Boo
225.0471|-77.1606|5.92|1.052|||
225.2431|-8.5189|4.91|0.000|δ|Zuben Elakribi|Lib
225.3046|-38.0584|5.88|1.246|||
225.3326|-2.7549|5.52|1.692|||
225.3629|60.2045|5.91|0.107|||
225.4538|-0.1403|5.71|1.509|||Ser
225.4617|-83.2276|5.65|0.962|π1||Oct
225.4865|40.3906|3.49|0.956|β|Nekkar|Boo
225.5268|-28.0606|5.83|0.164|||Hya
225.5271|25.0081|4.80|1.506|ω||Boo
225.7252|2.0913|4.39|1.026|||Vir
225.7470|-32.6433|5.45|-0.127|||
225.7752|35.2058|5.52|1.023|||
225.9471|47.6541|4.83|0.647|i||Boo
226.0176|-25.2820|3.25|1.674|σ|Brachium|Lib
226.1114|26.9476|4.52|1.240|ψ|Aulad Alnathlat|Boo
226.1955|-83.0383|5.65|1.273|π2||Oct
226.2008|-64.0314|5.16|0.935|η||Cir
226.2795|-47.0512|3.91|-0.144|π||Lup
226.3299|-41.0672|5.13|1.011|||
226.3576|48.1510|5.59|-0.005|k||Boo
226.5697|54.5563|5.24|0.958|||
226.6383|-30.9185|5.97|-0.076|HZ||Lup
226.6567|-16.2568|5.19|1.589|ν|Zuben Hakrabi|Lib
226.8253|24.8692|4.93|0.429|c||Boo
226.8581|-49.0886|5.77|0.920|||
227.0505|-40.5839|5.75|-0.113|HR||Lup
227.0991|26.3012|5.67|1.240|b||Boo
227.1482|25.1086|5.82|1.233|||
227.1633|-42.8679|5.85|-0.123|||
227.2109|-45.2799|4.07|-0.162|λ||Lup
227.3746|-67.0841|5.76|0.675|||
227.5305|-38.7925|5.98|0.867|||
227.5776|-26.3326|5.75|1.045|||
227.7867|-84.7878|5.88|-0.031|ω||Oct
227.8166|-55.3460|5.45|1.118|||
227.9836|-48.7378|3.88|-0.029|κ1||Lup
227.9903|-48.7437|5.70|0.144|κ2||Lup
228.0178|18.9760|5.90|1.414|FL||Ser
228.0554|-19.7917|4.54|-0.071|ι||Lib
228.0712|-52.0992|3.41|0.918|ζ||Lup
228.2066|-44.5004|4.83|-0.177|e||Lup
228.4721|-26.1936|5.84|1.139|||
228.5252|31.7878|5.98|1.552|||
228.5799|-70.0795|5.75|2.500|X||TrA
228.6215|29.1643|5.28|0.062|χ||Boo
228.6555|-31.5191|4.91|0.374|i||Lup
228.6597|67.3467|5.15|0.550|GJ580.2||
228.7973|4.9394|5.32|1.092|||Ser
228.8757|33.3148|3.46|0.961|δ|Thiba|Boo
228.9545|0.3721|5.62|0.181|||Ser
228.9736|-48.0737|5.96|0.210|||
229.0168|-41.4912|5.15|0.564|||
229.0959|-22.3994|5.52|1.357|||
229.1529|-60.9040|5.74|-0.057|||
229.2371|-60.9573|5.04|-0.077|δ||Cir
229.2517|-9.3829|2.61|-0.071|β|Zubeneschamali|Lib
229.2745|71.8239|5.02|1.369||Pherkad Minor|UMi
229.3785|-58.8012|4.07|0.088|β||Cir
229.4120|-63.6105|4.85|1.260|ε||Cir
229.4577|-30.1487|4.35|1.100|f||Lup
229.6021|20.5728|5.68|0.972|||
229.6089|-0.4612|5.88|1.507|||
229.6334|-47.8753|4.27|-0.086|μ||Lup
229.7048|-60.4963|5.43|-0.089|||
229.7274|-68.6795|2.87|0.014|γ||TrA
229.7349|-40.7882|5.59|-0.099|GG||Lup
229.8283|1.7654|5.04|0.540|||Ser
230.0215|51.9585|5.65|0.122|||
230.0357|29.6162|5.51|1.015|ο||CrB
230.1821|71.8340|3.00|0.058|γ|Pherkad|UMi
230.2583|0.7153|5.35|1.191|||Ser
230.2817|-5.8249|5.54|1.047|||
230.3430|-40.6475|3.22|-0.227|δ||Lup
230.4515|-36.2614|3.57|1.534|φ1||Lup
230.4524|32.9337|5.38|-0.051|||Boo
230.4506|-48.3176|5.65|0.639|ν2||Lup
230.5345|-47.9278|4.99|0.515|ν1||Lup
230.6552|62.0471|5.99|-0.033|||
230.6557|39.5815|5.56|1.626|||
230.6601|63.3414|5.72|1.315|||
230.6703|-44.6896|3.37|-0.191|ε||Lup
230.7890|-36.8585|4.54|-0.155|φ2||Lup
230.7938|-60.6572|5.65|0.489|||
230.8013|30.2878|4.99|0.577|η||CrB
230.8444|-59.3208|4.48|0.169|γ||Cir
230.9677|-12.3695|5.72|1.039|||
231.0495|-10.3223|4.92|0.453|ε||Lib
231.1226|37.3772|4.31|0.309|μ1|Alkalurops|Boo
231.1875|-39.7103|5.36|-0.093|υ||Lup
231.2324|58.9661|3.29|1.166|ι|Edasich|Dra
231.3342|-38.7336|4.60|0.000|k||Lup
231.4475|15.4280|5.16|1.650|τ1||Ser
231.5613|-68.3092|5.89|1.000|||
231.5724|34.3360|5.46|1.410|||
231.8255|-36.7676|5.46|-0.150|||
231.8878|-64.5315|5.71|1.646|LX||TrA
231.9572|29.1057|3.66|0.319|β|Nusakan|CrB
231.9643|60.6702|5.90|1.441|||
232.0642|-16.7165|5.64|1.545|||Lib
232.1593|1.8421|5.15|0.245|||Ser
232.3511|-46.7327|5.26|1.731|||
232.6683|-16.6095|5.82|1.056|||Lib
232.7323|40.8330|5.04|1.589|ν1||Boo
232.7324|64.2087|5.74|0.976|||
232.8539|77.3494|5.00|1.545|θ||UMi
232.8784|-73.3896|5.40|-0.146|κ1||Aps
232.9458|40.8993|4.98|0.086|ν2||Boo
233.1529|-19.6705|5.50|0.197|||
233.2301|-16.8528|5.53|-0.148|ζ||Lib
233.2324|31.3591|4.14|-0.127|θ||CrB
233.2414|-1.1864|5.50|1.092|A1||Ser
233.5071|-40.0664|5.82|1.695|||
233.5446|-10.0645|4.61|1.000|||Lib
233.6105|-9.1834|5.16|-0.090|||
233.6555|-28.0470|5.13|1.306|||Lib
233.6720|26.7147|2.22|0.032|α|Alphecca|CrB
233.7006|10.5389|3.80|0.268|δ|Nasak Yamani|Ser
233.7852|-41.1668|2.80|-0.216|γ||Lup
233.8122|39.0101|5.14|1.650|μ||CrB
233.8175|53.9221|5.97|1.184|||
233.8816|-14.7895|3.91|1.007|γ|Zubenelhakrabi|Lib
233.9719|-44.9584|4.55|-0.175|d||Lup
233.9877|54.6306|5.77|0.051|||
234.0504|-44.3968|5.44|1.497|||
234.1218|16.1191|5.93|0.354|τ5||Ser
234.1232|10.0102|5.26|0.925|||Ser
234.1801|-66.3170|4.11|1.161|ε||TrA
234.2560|-28.1351|3.60|1.361|υ||Lib
234.3834|54.5087|5.85|1.098|||
234.4130|69.2833|5.65|1.371|||
234.4502|-23.1417|5.79|1.074|||
234.4567|40.3534|5.25|0.886|φ|Ceginus|Boo
234.5134|-42.5673|4.34|1.412|ω||Lup
234.5676|46.7978|5.76|0.353|||
234.5678|-21.0163|5.82|1.077|||
234.6425|50.4233|5.84|0.847|||
234.6640|-29.7778|3.66|-0.177|τ||Lib
234.7061|-52.3727|5.43|0.005|||
234.7273|-19.3019|5.36|0.883|||Lib
234.8445|36.6358|4.64|-0.103|ζ1||CrB
234.9416|-34.4119|4.66|0.964|ψ1||Lup
234.9856|-59.9083|5.95|0.505|||
235.0704|-23.8181|4.97|1.302|||Lib
235.0889|-73.4467|5.64|-0.040|κ2||Aps
235.2463|16.0246|6.00|0.908|τ6||Ser
235.2974|-44.6612|4.64|0.413|g||Lup
235.3877|19.6704|4.51|0.062|ι||Ser
235.4476|12.8475|5.34|0.033|χ||Ser
235.4778|-76.0820|5.95|-0.034|||
235.4780|18.4640|5.80|0.207|τ7||Ser
235.4867|-19.6788|4.75|1.574|κ||Lib
235.6596|-37.4249|5.23|0.987|h||Lup
235.6709|-34.7104|4.75|-0.151|ψ2||Lup
235.6857|26.2956|3.81|0.020|γ||CrB
235.7115|52.3609|5.48|-0.042|BP||Boo
235.8205|-84.4653|5.57|0.118|ρ||Oct
235.9971|32.5158|5.57|1.076|π||CrB
236.0076|2.5152|5.86|0.684|ψ||Ser
236.0147|77.7945|4.29|0.038|ζ|Akfa Farkadain|UMi
236.0183|-15.6728|5.41|0.238|η||Lib
236.0670|6.4256|2.63|1.167|α|Unukalhai|Ser
236.0945|-41.8191|5.93|-0.007|||
236.3478|5.4473|5.57|0.035|||
236.5235|-1.8042|5.39|-0.035|A2||Ser
236.5469|15.4218|3.65|0.073|β|Nasak Shamiya|Ser
236.6109|7.3531|4.42|0.604|λ||Ser
236.6448|55.4748|5.94|1.404|||
236.6667|62.5996|5.19|0.062|||
236.6842|-34.6825|5.61|-0.117|||
236.8222|14.1153|5.71|0.094|υ||Ser
236.9080|55.3766|5.85|0.249|||
236.9711|-65.4423|5.54|0.231|||
237.0554|13.7891|5.98|1.272|||
237.1434|28.1567|5.89|0.608|R|Variabilis Coronae|CrB
237.1849|18.1416|4.09|1.616|κ|Gudja|Ser
237.2367|-3.8185|5.53|0.120|||Ser
237.3985|26.0684|4.59|0.794|δ||CrB
237.4050|-3.4302|3.54|-0.036|μ||Ser
237.4896|-48.9124|5.86|0.068|||
237.5295|-53.2098|5.78|-0.076|||
237.5731|2.1965|5.21|1.019|ω||Ser
237.7040|4.4777|3.71|0.147|ε||Ser
237.7397|-33.6272|3.97|-0.045|χ||Lup
237.7448|-25.7513|4.63|-0.072|b||Sco
237.7784|-55.0555|5.74|0.017|V0360||Nor
237.8080|35.6574|4.79|0.996|κ||CrB
237.8150|-3.0905|5.09|0.135|b||Ser
237.8163|20.9779|4.74|1.534|ρ||Ser
237.8809|-47.0608|6.00|1.152|||
238.0690|55.8267|5.81|0.972|||
238.1689|42.4515|4.60|0.563|χ||Her
238.3336|-20.1670|5.04|-0.014|λ||Lib
238.4030|-25.3271|4.59|-0.073|A||Sco
238.4564|-16.7293|4.13|1.003|θ||Lib
238.4746|-24.5332|5.38|-0.011|||
238.4828|-23.9781|5.41|-0.033|V1040||Sco
238.6442|20.3110|5.45|1.588|QY||Ser
238.6577|43.1386|5.35|1.645|||Her
238.6647|-25.2437|5.87|-0.065|||Sco
238.7515|-19.3829|5.95|-0.013|||Lib
238.7857|-63.4307|2.83|0.315|β||TrA
238.8733|-68.6030|5.11|1.108|κ||TrA
238.8753|-26.2660|5.63|0.141|||Sco
238.8775|42.5662|5.73|-0.102|||Her
238.8849|-60.1776|5.78|0.355|||
238.9483|37.9470|5.43|0.352|λ||CrB
239.0246|-60.4825|5.76|0.087|||
239.1133|15.6616|3.85|0.478|γ||Ser
239.2212|-29.2141|3.87|-0.199|ρ|Iklil|Sco
239.2229|-33.9661|5.14|0.129|ξ1||Lup
239.2255|-33.9643|5.59|0.072|ξ2||Lup
239.3107|14.4145|5.54|1.141|φ||Ser
239.3389|-36.1853|5.78|1.095|||
239.3969|26.8779|4.14|1.231|ε||CrB
239.4186|-20.9831|5.84|0.012|||
239.4477|54.7498|4.96|0.269|CL||Dra
239.5474|-14.2794|4.95|-0.080|||Lib
239.6453|-24.8315|5.43|-0.092|V0913||Sco
239.7130|-26.1141|2.89|-0.180|π|Fang|Sco
239.7405|36.6438|5.61|1.529|||
239.7423|-65.0376|5.74|-0.066|||
239.8761|-41.7444|4.99|0.988|||
240.0305|-38.3967|3.42|-0.206|η||Lup
240.0816|-16.5334|5.47|0.517|||Lib
240.0834|-22.6217|2.29|-0.117|δ|Dschubba|Sco
240.1985|-8.4114|5.53|0.043|||Lib
240.2131|4.4274|5.82|1.003|||
240.2611|33.3035|5.39|0.612|ρ||CrB
240.3097|17.8184|5.10|0.992|r||Her
240.3607|29.8511|4.98|-0.050|ι||CrB
240.4723|58.5653|4.01|0.528|θ||Dra
240.5232|52.9159|5.93|1.498|||
240.5737|22.8045|4.82|0.066|π||Ser
240.6996|46.0367|4.72|-0.094|υ||Her
240.8037|-49.2297|4.65|0.902|η||Nor
240.8307|36.6318|5.79|0.586|||
240.8359|-25.8652|4.96|1.234|||
240.8508|-38.6025|4.90|-0.146|||
240.8806|76.7939|5.73|0.051|||UMi
240.8837|-57.7751|4.63|0.252|ι1||Nor
240.8932|-32.0005|6.00|0.470|||
241.0901|-11.3736|4.16|0.460|Wo9540B|Grafias|
241.1534|-37.8630|5.91|0.409|||
241.3593|-19.8055|2.56|-0.065|β1|Acrab|Sco
241.3606|-19.8019|4.90|-0.024|β2||Sco
241.4826|-72.4009|5.70|1.169|||
241.5266|-23.6063|5.90|-0.071|V0929||Sco
241.5820|67.8101|5.44|-0.019|||
241.6227|-45.1732|4.73|0.230|δ||Nor
241.6481|-36.8023|4.22|-0.184|θ||Lup
241.7018|-20.6692|3.93|-0.046|ω1|Jabhat Acrabi|Sco
241.8176|-36.7557|5.72|0.298|||
241.8514|-20.8688|4.31|0.831|ω2||Sco
241.9017|-12.7454|5.75|0.018|||Sco
241.9064|9.8917|5.63|0.200|||Ser
242.0189|17.0470|5.00|0.931|κ|Marsic|Her
242.0316|-26.3267|5.35|1.643|||
242.1170|8.5343|5.69|1.575|||Ser
242.1822|-23.6854|5.86|0.020|||
242.1924|44.9349|4.23|-0.045|φ||Her
242.2429|36.4909|4.73|1.015|τ||CrB
242.2453|3.4545|5.93|1.471|||
242.2967|6.3787|5.93|0.988|||
242.3273|-57.9343|5.57|-0.024|ι2||Nor
242.4605|-3.4667|5.39|1.446|||
242.4691|-33.5458|5.50|-0.075|||
242.7064|75.8776|5.48|-0.093|||UMi
242.7586|-29.4162|5.09|1.131|||
242.8238|-41.1198|5.86|0.273|||
242.9085|23.4948|5.74|1.519|||Her
242.9483|42.3746|5.89|1.464|||
242.9502|36.4251|5.62|1.352|||
242.9989|-19.4607|4.00|0.076|ν|Jabbah|Sco
243.0000|-10.0643|4.93|0.087|ψ||Sco
243.0305|-8.5476|5.43|0.118|||Sco
243.0668|-28.4173|5.67|0.012|c1||Sco
243.0759|-27.9264|4.58|-0.172|c2||Sco
243.3143|5.0211|5.46|1.472|||Her
243.3446|-55.5409|5.78|0.365|ζ||Nor
243.3697|-54.6305|4.95|1.017|κ||Nor
243.4621|-11.8377|5.24|1.394|χ||Sco
243.5864|-3.6943|2.73|1.584|δ|Yed Prior|Oph
243.5932|-33.0111|5.91|1.021|||
243.6702|33.8586|5.23|0.599|σ||CrB
243.8138|-47.3720|5.13|-0.114|θ||Nor
243.8595|-63.6857|3.86|1.105|δ||TrA
243.8693|18.8081|5.72|1.126|||Her
243.9053|-8.3694|5.49|0.652|||Sco
243.9575|-57.9123|5.61|0.137|||
244.1803|-53.8111|5.45|1.696|V0368||Nor
244.1866|29.1503|5.80|0.063|υ||CrB
244.2539|-50.0681|4.97|0.788|γ1||Nor
244.2726|-67.9413|5.95|0.159|||
244.3139|59.7550|5.37|1.551|AT||Dra
244.3762|75.7553|4.95|0.393|η|Anwa Farkadain|UMi
244.5746|-28.6140|4.80|0.008|d||Sco
244.5804|-4.6925|3.23|0.966|ε|Yed Posterior|Oph
244.7518|-14.8728|5.97|1.475|||
244.7967|49.0382|5.93|1.369|||
244.8235|-42.6740|5.44|0.099|λ||Nor
244.8864|-30.9067|5.53|0.466|||
244.9352|46.3134|3.91|-0.151|τ||Her
244.9601|-50.1555|4.01|1.080|γ2||Nor
244.9798|39.7086|5.48|0.410|Wo9557A||
245.0867|-78.6957|4.68|1.680|δ1||Aps
245.1052|-55.1397|5.76|0.970|||
245.1119|-78.6675|5.27|1.413|δ2||Aps
245.1591|-24.1693|4.55|0.758|ο||Sco
245.2972|-25.5928|2.90|0.299|σ|Alniyat|Sco
245.4530|69.1094|5.26|1.115|||
245.4801|19.1531|3.74|0.299|γ||Her
245.5181|1.0290|4.82|0.338|σ||Ser
245.5243|30.8920|4.86|0.970|ξ||CrB
245.5893|33.7991|5.20|1.631|ν1||CrB
245.6166|-49.5724|5.32|-0.047|||
245.6211|-43.9121|5.89|1.121|||
245.6217|33.7035|5.40|1.523|ν2||CrB
245.9465|61.6965|5.67|0.956|||
245.9979|61.5142|2.73|0.910|η|Athebyne|Dra
246.0054|-39.1930|5.37|0.625|GJ620.1A||
246.0258|-20.0373|4.48|0.996|ψ||Oph
246.0451|6.9482|5.83|0.018|o||Her
246.1056|55.2051|5.75|0.001|DQ||Dra
246.1323|-37.5660|5.42|-0.104|||
246.1657|-29.7047|5.40|0.625|||
246.3507|37.3941|5.53|0.174|||Her
246.3540|14.0333|4.57|0.002|ω|Cujam|Her
246.3963|-23.4472|4.57|0.227|ρ||Oph
246.4299|78.9639|5.55|0.249|||
246.7560|-18.4563|4.22|0.217|χ||Oph
246.7960|-47.5548|4.46|-0.070|ε||Nor
246.9311|-7.5979|5.24|1.721|V2105||Oph
246.9508|-8.3717|4.62|0.185|υ||Oph
246.9889|-64.0579|5.28|0.383|ι||TrA
246.9959|68.7681|4.94|-0.051|A||Dra
247.0603|-37.1799|5.79|1.104|||
247.0632|-58.5998|5.67|0.008|||
247.1173|-70.0844|4.90|0.555|ζ||TrA
247.1416|0.6650|5.41|1.461|||
247.1606|41.8817|4.83|1.289|g||Her
247.3519|-26.4320|1.06|1.865|α|Antares|Sco
247.4264|-46.2432|5.35|0.488|QU||Nor
247.4455|-14.5509|5.66|0.823|||
247.5520|-25.1152|4.79|-0.116|i||Sco
247.5550|21.4896|2.78|0.947|β|Kornephoros|Her
247.6398|20.4792|5.24|1.274|s||Her
247.7057|-61.6335|5.19|1.236|||
247.7284|1.9839|3.82|0.022|λ|Marfik|Oph
247.7849|-16.6127|4.29|0.924|φ||Oph
247.8060|22.1955|5.76|1.605|||
247.8456|-34.7044|4.24|-0.168|N||Sco
247.9240|-41.8171|5.31|0.299|V1058||Sco
247.9468|45.5983|5.61|0.125|||
248.0342|-21.4664|4.45|0.130|ω||Oph
248.1070|60.8233|5.92|0.039|||
248.1487|5.5212|5.63|-0.044|n||Her
248.1512|11.4880|4.84|1.495|h||Her
248.3628|-78.8971|3.86|0.923|γ||Aps
248.5209|-44.0453|4.86|0.045|μ||Nor
248.5258|42.4370|4.20|-0.013|σ||Her
248.5806|-70.9881|5.50|1.235|||
248.9367|-65.4954|5.50|0.949|θ||TrA
248.9706|-28.2160|2.82|-0.206|τ|Paikauhale|Sco
249.0467|46.6133|5.83|1.044|||
249.0476|52.9000|5.53|-0.060|||Dra
249.0572|52.9244|5.07|-0.027|||Dra
249.0894|-2.3246|5.77|0.827|||Oph
249.0936|-35.2553|4.18|1.535|H||Sco
249.0940|-42.8589|5.46|0.338|V0918||Sco
249.2897|-10.5671|2.54|0.038|ζ|Saik|Oph
249.5019|56.0155|5.28|1.055|||
249.6095|-43.3984|5.83|-0.053|V1003||Sco
249.6869|48.9283|4.86|1.562|||Her
249.7718|-37.2174|5.93|-0.035|||
250.1612|4.2198|5.77|-0.004|||Her
250.2297|64.5890|4.84|1.212|g||Dra
250.3215|31.6027|2.81|0.650|ζ|Rutilicus|Her
250.3351|-48.7630|5.57|0.169|||
250.3463|-68.2961|5.89|-0.078|η1||TrA
250.3933|-17.7422|4.91|1.095|||Sco
250.4029|26.9169|5.92|0.402|||Her
250.4176|-49.6516|5.62|-0.043|||
250.4270|1.1812|5.74|0.336|||Oph
250.4394|-33.1458|5.84|0.653|||
250.4737|-19.9244|5.55|0.436|||
250.7240|38.9223|3.48|0.916|η||Her
250.7694|-77.5174|4.23|1.060|β||Aps
250.7762|77.5140|5.99|0.430|||
251.1656|-53.1523|5.96|1.230|||
251.1775|-40.8397|5.64|-0.093|||
251.2508|-28.5097|5.99|0.103|||
251.3242|56.7819|4.84|0.375|Wo9578||
251.3438|15.7453|5.60|1.637|||
251.4579|8.5826|5.15|1.535|i||Her
251.4927|82.0373|4.21|0.897|ε|Circitores|UMi
251.5884|-58.5036|5.74|-0.101|||
251.6666|-67.1097|5.10|-0.080|LP||TrA
251.6998|-39.3770|5.48|0.975|||
251.8319|-58.3414|5.55|-0.096|||
251.8323|42.2389|5.86|1.504|V0636||Her
251.9434|5.2467|5.22|-0.001|l||Her
252.1662|-69.0277|1.91|1.447|α|Atria|TrA
252.3092|45.9833|4.82|0.087|||Her
252.3944|13.2611|5.91|0.015|||
252.4465|-59.0414|3.77|1.562|η||Ara
252.4585|-10.7830|4.64|0.478|||Oph
252.5409|-34.2932|2.29|1.144|ε|Larawag|Sco
252.5808|7.2477|5.48|0.108|k||Her
252.6623|29.8065|5.73|1.626|||Her
252.8539|1.2159|5.51|0.055|||Oph
252.8905|-41.2305|5.23|0.047|V0973||Sco
252.9386|24.6564|5.03|1.246|||Her
252.9676|-38.0474|3.00|-0.200|μ1|Xamidimura|Sco
253.0839|-38.0175|3.56|-0.210|μ2|Pipirima|Sco
253.2419|31.7017|5.34|0.319|||Her
253.3232|47.4167|5.99|1.325|||
253.3551|-20.4156|5.86|0.685|||
253.4268|-43.0510|5.95|1.643|||
253.4989|-42.3620|4.70|0.444|ζ1||Sco
253.5015|-57.9095|5.91|1.592|||
253.5020|10.1654|4.39|-0.088|ι||Oph
253.5077|-41.8064|5.46|0.176|||
253.6123|-42.4789|5.84|0.626|||
253.6459|-42.3613|3.62|1.393|ζ2|Grafias|Sco
253.6487|-6.1540|5.23|1.100|||Oph
253.7299|20.9585|5.39|0.966|||
253.7438|-41.1509|5.78|0.132|||
253.8424|18.4332|5.35|1.407|||Her
253.8529|-63.2697|5.99|0.059|||
254.0070|65.1348|4.88|0.481|h||Dra
254.1199|-52.2837|5.94|-0.069|||
254.2002|-23.1503|5.57|-0.018|||Oph
254.2966|-33.2595|5.48|1.606|||Sco
254.4171|9.3750|3.19|1.160|κ||Oph
254.5747|-50.6412|5.53|0.016|||
254.6550|-55.9901|3.12|1.552|ζ||Ara
254.8915|-69.2682|5.79|-0.103|MX||TrA
254.8960|-53.1604|4.06|1.452|ε1||Ara
254.9904|-25.0922|5.88|1.607|||
255.0262|-54.5972|5.64|0.194|||
255.0396|-24.9891|5.74|0.407|||Oph
255.0724|30.9264|3.92|-0.018|ε||Her
255.1123|-48.6478|5.98|0.883|||
255.1541|-35.9341|5.95|1.161|||
255.2422|22.6321|5.69|1.332|||
255.2650|-4.2226|4.82|1.483|||Oph
255.4015|33.5683|5.27|0.028|d||Her
255.4693|-32.1435|5.03|-0.100|||
255.5779|25.5056|5.76|1.018|||
255.7828|14.0919|4.97|1.600|||Oph
255.7863|-53.2370|5.27|0.498|ε2||Ara
255.9138|13.6053|5.91|0.010|||
255.9623|-38.1526|5.91|0.409|V0923||Sco
256.1030|-57.7122|5.73|-0.097|||
256.2056|-34.1229|4.83|0.257|k||Sco
256.3201|0.7026|6.00|0.578|V2213||Oph
256.3338|54.4700|4.91|0.471|μ|Alrakis|Dra
256.3445|12.7408|4.89|0.125|||Her
256.3844|-0.8921|5.63|0.104|||
256.5752|22.0842|5.56|1.299|||
256.5841|-37.2276|5.98|0.076|||
257.0086|35.9352|5.41|0.309|c||Her
257.0619|-17.6091|5.98|1.011|||
257.1966|65.7147|3.17|-0.120|ζ|Aldhibah|Dra
257.1981|-30.4037|5.93|0.276|||
257.3885|40.7770|5.07|1.275|||
257.4498|-10.5233|5.43|0.465|||
257.5945|-15.7249|2.43|0.059|η|Sabik|Oph
257.6763|-44.5577|5.06|0.867|||
257.9112|-48.8734|5.94|1.786|V0854||Ara
258.0383|-43.2392|3.32|0.441|η||Sco
258.0675|-39.5069|5.66|0.042|||
258.1159|10.5852|5.32|1.593|||Oph
258.1357|62.8743|5.54|0.216|||
258.2440|-32.4383|5.95|0.071|||
258.3245|-67.1966|5.87|1.070|||
258.6619|14.3903|2.78|1.164|α1|Rasalgethi|Her
258.7580|24.8392|3.12|0.080|δ|Sarin|Her
258.7618|36.8092|3.16|1.437|π||Her
258.8302|-33.5484|5.60|-0.056|V1075||Sco
258.8345|-14.5841|5.98|1.096|||
258.8374|-26.6028|4.33|0.855|A|Guniibuu|Oph
258.8998|-38.5939|5.95|0.580|||
258.9228|23.7428|5.99|1.335|||
259.1321|1.2105|5.89|0.023|||Oph
259.1529|-0.4453|4.72|1.119|||Oph
259.2652|-32.6628|5.53|0.514|||
259.3315|33.1001|4.80|-0.166|u||Her
259.4177|37.2915|4.64|0.043|e||Her
259.5028|-24.2869|5.14|1.046|ο||Oph
259.5206|17.3179|6.00|0.015|||
259.5970|38.8114|5.97|1.011|||
259.6541|10.8645|5.03|1.539|e||Oph
259.6993|-44.1297|5.76|-0.049|||
259.7022|28.8230|5.68|0.981|||
259.7382|-34.9898|5.91|1.082|NSV 8||482
259.7660|-46.6362|5.47|0.764|NSV 21||372
259.8021|-59.6946|5.93|1.389|||
259.9046|80.1364|5.74|1.499|||
260.0410|25.5376|5.36|0.063|||
260.0786|18.0571|5.01|1.654|V0656||Her
260.0880|46.2408|5.51|1.586|||Her
260.1649|32.4677|5.38|0.619|w||Her
260.2069|-12.8469|4.32|0.037|ν||Ser
260.2259|24.4994|5.13|0.000|||Her
260.2516|-21.1129|4.39|0.394|ξ|Aggia|Oph
260.4317|39.9746|5.55|0.667|V0819||Her
260.4390|53.4204|5.69|1.463|||
260.4978|-67.7707|4.76|1.194|ζ||Aps
260.5024|-24.9995|3.27|-0.186|θ|Garafsa|Oph
260.5245|-70.1232|5.39|-0.042|ι||Aps
260.7281|-37.2208|5.91|1.075|||
260.7301|-58.0103|5.86|1.075|||
260.7797|-56.5255|5.76|0.994|||
260.8170|-47.4682|5.21|-0.097|ι||Ara
260.8400|-28.1428|5.30|1.549|||Oph
260.9206|37.1459|4.15|-0.011|ρ||Her
260.9901|8.8526|5.77|1.251|||
261.0045|-62.8642|5.69|-0.147|||
261.0274|22.9603|5.70|0.229|||Her
261.0545|-44.1626|5.10|-0.052|||
261.0783|-60.6738|5.76|-0.067|||
261.1314|16.3010|5.75|0.074|||
261.1751|-21.4415|5.82|0.939|||
261.3250|-55.5299|2.84|1.479|β||Ara
261.3486|-56.3777|3.31|-0.150|γ||Ara
261.4223|60.0484|5.65|0.024|||
261.5002|-50.6335|5.19|1.055|κ||Ara
261.5926|-24.1753|4.16|0.283|b||Oph
261.6287|4.1404|4.34|1.480|σ||Oph
261.6578|-5.0866|4.53|0.385|||Oph
261.6843|48.2601|5.83|0.121|x||Her
261.6923|34.6958|5.94|-0.017|||
261.7047|20.0810|5.52|-0.119|||
261.7166|-45.8430|5.28|-0.058|||
261.8019|-50.6304|5.90|0.063|||
261.8386|-29.8670|4.28|0.402|d||Oph
261.9065|-29.7246|5.98|0.010|||
261.9900|-52.2972|5.72|1.169|||
262.1621|-55.1697|5.93|1.113|||
262.2069|0.3306|5.41|0.237|||
262.2337|-36.7783|5.98|1.112|||
262.5992|-1.0629|5.31|0.715|GJ678A||
262.6082|52.3014|2.79|0.954|β|Rastaban|Dra
262.6846|26.1106|4.41|1.434|λ|Maasym|Her
262.6910|-37.2958|2.70|-0.179|υ|Lesath|Sco
262.6983|86.9680|5.78|0.239|||UMi
262.7307|31.1581|5.63|0.960|||
262.7746|-60.6838|3.60|-0.104|δ||Ara
262.8389|2.7245|5.57|0.844|||
262.8470|-56.9210|5.99|-0.045|V0862||Ara
262.8540|-23.9626|4.78|0.016|c||Oph
262.8644|-80.8591|5.83|1.617|NO||Aps
262.9566|28.4075|5.66|-0.001|||Her
262.9604|-49.8761|2.84|-0.136|α|Choo|Ara
262.9911|68.1350|5.07|1.077|f|Adfar Aldib|Dra
263.0440|55.1842|4.89|0.251|ν1|Kuma|Dra
263.0542|86.5865|4.35|0.021|δ|Yildun|UMi
263.0668|55.1730|4.86|0.279|ν2|Kuma|Dra
263.2802|41.2434|5.72|1.089|||
263.2808|-41.1731|5.84|0.041|||
263.3451|19.2567|5.65|0.505|||
263.3744|-5.7448|5.61|0.187|||
263.4022|-37.1038|1.62|-0.231|λ|Shaula|Sco
263.4141|16.3176|5.68|1.002|||
263.6529|9.5867|5.80|0.040|f||Oph
263.6771|-32.5817|5.69|0.045|V1036||Sco
263.6931|-11.2420|5.54|0.013|||
263.7336|12.5600|2.08|0.155|α|Rasalhague|Oph
263.7483|61.8746|5.23|0.602|||Dra
263.9150|-46.5057|4.56|-0.020|σ||Ara
264.1368|-38.6353|4.26|1.075|Q||Sco
264.1569|48.5856|5.35|1.142|y||Her
264.2379|68.7580|4.77|0.430|ω|Al Dhih|Dra
264.2870|72.4558|5.87|1.016|||
264.3297|-42.9978|1.86|0.406|θ|Sargas|Sco
264.3638|-50.0597|5.89|1.109|||
264.3796|24.3100|5.76|0.114|||Her
264.3967|-15.3986|3.54|0.262|ξ||Ser
264.4009|-15.5710|5.94|0.357|||
264.4613|-8.1188|4.58|0.132|μ||Oph
264.5230|-54.5004|5.25|0.195|π||Ara
264.5396|-10.9263|5.74|1.228|||
264.8662|46.0063|3.82|-0.179|ι||Her
265.0993|-49.4156|4.76|0.415|λ||Ara
265.3177|-46.9218|5.78|-0.004|||
265.3407|51.8182|6.00|1.068|||
265.3536|-12.8753|4.24|0.086|ο||Ser
265.3847|6.3132|5.97|1.271|||
265.4848|72.1488|4.57|0.434|ψ|Dziban|Dra
265.4921|72.1569|5.81|0.530|ψ|Dsiban|Dra
265.4943|15.9524|5.54|0.387|||
265.6182|24.5641|5.56|1.436|||Her
265.6220|-39.0300|2.39|-0.171|κ|Mula|Sco
265.7129|-36.9456|5.53|1.553|||
265.8399|24.3278|5.73|0.683|||Her
265.8575|-21.6832|4.86|0.469|||Oph
265.8681|4.5673|2.76|1.168|β|Cebalrai|Oph
265.9966|53.8017|5.75|0.017|HD 161693|Alruba|
266.0363|-51.8341|5.12|0.694|μ|Cervantes|Ara
266.1750|-42.7293|5.87|0.163|||
266.2328|-57.5455|5.97|0.912|||
266.4333|-64.7239|3.61|1.161|η||Pav
266.6147|27.7207|3.42|0.750|μ||Her
266.7835|17.6970|5.61|0.036|||
266.8901|-27.8308|4.53|0.600|||Sgr
266.8962|-40.1270|2.99|0.509|ι1|Girtab|Sco
266.9032|-14.7258|5.93|0.009|||
266.9732|2.7073|3.75|0.043|γ|Muliphen|Oph
267.1032|20.5654|5.69|0.938|||
267.2048|25.6229|5.09|1.141|||Her
267.2679|50.7811|5.02|0.043|||Dra
267.2937|-31.7032|4.79|-0.028|||
267.3626|76.9629|5.02|0.518|||Dra
267.4645|-37.0433|3.19|1.192|G|Fuyue|Sco
267.5463|-40.0904|4.78|0.259|ι2|Vanant|Sco
267.5954|29.3221|5.51|1.071|||
267.6183|-53.6124|5.68|-0.099|υ1||Ara
267.8856|-40.7725|5.94|1.572|||
267.8978|-60.1641|5.78|1.008|||
268.0569|-34.7992|5.88|-0.111|V0957||Sco
268.0823|-34.4168|5.84|1.129|||
268.1477|1.3050|5.91|1.573|||
268.3091|6.1014|5.77|0.425|||
268.3251|40.0080|5.17|1.166|f||Her
268.3478|-34.8951|5.58|1.098|||
268.3822|56.8726|3.73|1.177|ξ|Grumium|Dra
268.4782|-34.7527|6.00|-0.060|V0906||Sco
268.7965|72.0051|5.43|0.340|||Dra
268.8550|26.0500|5.47|0.341|||Her
268.9617|22.4642|5.62|1.249|||
269.0633|37.2505|3.86|1.350|θ||Her
269.0767|0.6704|5.82|0.058|V2052||Oph
269.0793|-15.8125|5.93|0.024|||
269.1515|51.4889|2.24|1.521|γ|Eltanin|Dra
269.1743|-28.0654|5.76|0.207|||
269.1976|-44.3422|4.85|1.176|||
269.1989|-4.0818|5.44|1.162|||
269.2680|0.0667|5.95|0.110|||
269.4412|29.2479|3.70|0.935|ξ||Her
269.4492|-41.7163|4.88|1.617|||
269.6256|30.1893|4.41|0.380|ν||Her
269.6627|-28.7591|5.99|-0.077|||
269.7320|-36.8584|5.74|0.915|||
269.7566|-9.7736|3.32|0.987|ν|Sinistra|Oph
269.7720|-30.2530|5.00|1.654|||
269.9032|-4.8211|5.86|1.561|||
269.9481|-23.8161|4.74|-0.030|||Sgr
269.9842|45.5014|5.69|1.562|||
270.0142|16.7509|4.67|1.254|||Her
270.0384|80.0041|5.74|0.516|||Dra
270.0658|4.3686|4.79|-0.100|||Oph
270.1209|-3.6903|4.62|0.390|ζ|Alava|Ser
270.1613|2.9316|3.93|0.029|||Oph
270.3767|21.5958|4.26|0.406|||Her
270.4383|1.3051|4.42|0.046|||Oph
270.4766|-22.7803|5.72|-0.030|||
270.5960|20.8336|5.25|-0.100|||Her
270.7129|-24.2825|5.37|0.495|||Sgr
270.7705|-8.1803|4.77|0.410|τ||Oph
270.9685|-24.3607|5.89|0.031|||Sgr
271.2099|-35.9014|5.98|1.160|||
271.2551|-29.5801|4.66|0.774|W|Nash|Sgr
271.3637|2.5001|4.03|0.860|p||Oph
271.4520|-30.4241|2.98|0.981|γ2|Alnasl|Sgr
271.4567|32.2307|5.72|1.179|||
271.5079|22.2189|4.96|1.656|||Her
271.5308|-8.3240|5.84|0.184|||
271.5633|-4.7513|5.74|0.968|||
271.5988|-36.0198|5.94|0.615|GJ702.1||
271.6578|-50.0915|3.65|-0.101|θ||Ara
271.7079|-43.4252|4.92|0.255|||
271.7564|30.5621|5.05|0.528|b||Her
271.8265|8.7339|4.64|0.951|||Oph
271.8374|9.5638|3.71|0.159|||Oph
271.8697|43.4619|5.00|0.913|||
271.8856|28.7625|3.84|-0.018|ο||Her
271.9514|-17.1542|5.52|1.132|||
271.9563|26.0973|5.79|0.127|||Her
271.9565|26.1013|5.83|0.158|||Her
272.0093|36.4013|5.49|1.161|||
272.0207|-28.4571|4.55|0.938|||
272.1451|-63.6686|4.33|0.228|π||Pav
272.1895|20.8146|4.37|-0.164|||Her
272.2203|20.0452|5.10|0.176|||Her
272.3912|3.9933|5.71|0.363|||Oph
272.4751|3.1198|5.67|0.490|||
272.4958|36.4663|5.57|0.915|||
272.5242|-30.7287|5.53|0.979|||
272.6090|-62.0022|5.47|0.592|ι||Pav
272.6318|54.2866|5.97|0.943|||
272.6679|3.3243|5.50|1.204|||
272.7732|-41.3591|5.86|0.295|||
272.8073|-45.9544|4.52|1.009|ε||Tel
272.8158|-75.8915|5.86|1.253|||
272.9306|-23.7012|4.96|1.055|||Sgr
272.9380|33.4471|5.98|0.045|||
272.9757|31.4053|4.96|1.643|A||Her
273.1419|-73.6724|5.86|0.464|||
273.3029|-41.3361|5.47|-0.155|V0692||CrA
273.4409|-21.0588|3.84|0.195|μ|Polis|Sgr
273.4743|64.3973|4.99|0.440|||Dra
273.5663|-21.7132|5.49|1.528|||Sgr
273.8038|-20.7283|5.29|0.007|||Sgr
273.8040|-20.3880|5.96|-0.023|||Sgr
273.8212|68.7558|5.96|1.055|||Dra
273.9116|42.1593|5.56|-0.111|||
273.9192|-63.0554|5.58|0.944|||
273.9727|-44.2065|5.45|0.962|||
274.2213|-3.0074|5.99|0.890|||
274.2814|-56.0234|5.36|-0.050|QV||Tel
274.2985|-17.3739|5.81|1.569|||
274.4068|-36.7617|3.10|1.582|η|Hamalwarid|Sgr
274.5133|-27.0426|4.66|1.629|||
274.7897|7.2598|5.41|1.084|||
274.7945|24.4461|5.30|1.508|||Her
274.9655|36.0645|4.33|1.162|κ||Lyr
275.0366|-15.8317|5.39|1.473|||
275.0746|21.9613|4.92|1.594|||Her
275.1893|71.3378|4.22|-0.093|φ|Aldhiba|Dra
275.2169|3.3772|4.85|0.911|||Oph
275.2374|29.8589|5.61|0.231|||Her
275.2485|-29.8281|2.72|1.380|δ|Kaus Media|Sgr
275.2543|28.8700|5.12|0.212|t||Her
275.2641|72.7328|3.55|0.489|χ|Alahakan|Dra
275.3275|-2.8988|3.23|0.941|η||Ser
275.3458|-18.8600|5.76|0.670|Y||Sgr
275.3861|49.1216|5.02|1.619|||
275.5363|23.2852|5.41|1.633|||
275.5774|-38.6569|5.09|1.498|||
275.6472|12.0297|5.99|0.056|||
275.7043|17.8266|5.25|1.250|||
275.7212|-36.6696|5.33|-0.121|V4050||Sgr
275.8007|-12.0148|5.71|0.006|||
275.8068|-61.4939|4.35|1.462|ξ||Pav
275.8701|-36.2380|5.52|1.015|||
275.9019|-75.0443|5.47|0.043|φ||Oct
275.9149|-8.9344|4.66|0.932|ζ||Sct
275.9245|21.7698|3.85|1.168|||Her
275.9775|58.8007|4.98|0.082|b||Dra
276.0430|-34.3846|1.79|-0.031|ε|Kaus Australis|Sgr
276.0574|39.5072|5.11|0.047|μ|Al Athfar|Lyr
276.0760|-44.1103|5.24|-0.163|||
276.2559|-30.7566|5.58|1.138|||Sgr
276.3377|-20.5417|4.81|1.310|||Sgr
276.4117|8.0320|5.64|0.884|||
276.4949|29.8289|5.81|0.068|||
276.4964|65.5635|4.82|1.179||Fafnir|Dra
276.7251|-48.1172|5.44|0.855|||
276.7434|-45.9685|3.49|-0.179|α||Tel
276.8021|0.1961|5.20|0.487|d||Ser
276.9562|-29.8169|5.90|0.517|||
276.9927|-25.4217|2.82|1.025|λ|Kaus Borealis|Sgr
276.9949|6.1941|5.71|-0.034|||
277.1130|-38.9957|5.63|0.140|||
277.2077|-49.0706|4.10|0.995|ζ||Tel
277.2994|-14.5658|4.67|0.076|γ||Sct
277.3331|-80.2327|5.95|1.173|||
277.3988|23.8662|5.87|-0.096|||
277.4207|-1.9853|5.38|0.961|c||Ser
277.4374|77.5471|5.65|1.192|||
277.4831|-47.2205|5.69|1.258|||
277.4864|-57.5231|5.74|0.987|||
277.5494|-18.7288|5.63|1.057|||
277.7685|16.9286|5.76|0.053|||
277.7702|-32.9891|5.37|0.182|||
277.8434|-62.2783|4.63|-0.116|ν||Pav
277.8571|-10.7958|5.77|0.379|||
277.8596|-18.4027|5.12|0.016|||
277.9393|-45.9148|4.92|-0.101|δ1||Tel
277.9843|-43.5074|5.71|1.322|||
277.9875|-1.0030|5.93|0.170|||Ser
278.0081|-45.7574|5.07|-0.127|δ2||Tel
278.0889|-39.7040|5.16|0.079|||
278.1438|57.0456|4.77|0.611|d||Dra
278.1805|-14.8657|5.47|1.998|V0450||Sct
278.1923|23.6168|5.88|1.490|||
278.2082|30.5542|5.47|-0.077|||
278.2306|-73.9656|5.88|0.992|||
278.3464|-38.7260|5.67|-0.060|κ2||CrA
278.3758|-42.3125|4.62|0.994|θ||CrA
278.4126|-14.8536|5.74|0.043|||
278.4729|-24.0323|5.49|1.795|||Sgr
278.4862|52.3535|5.38|1.091|||
278.4907|-33.0166|5.28|-0.115|||
278.7600|-10.9772|5.12|0.926|||
278.8018|-8.2441|3.85|1.317|α||Sct
278.8025|18.2034|5.79|0.006|||
278.8767|23.6055|5.62|1.015|||
279.1160|9.1225|5.38|0.387|||
279.1556|33.4690|5.41|-0.101|||
279.1628|6.6718|5.43|0.386|||
279.2347|38.7837|0.03|-0.001|α|Vega|Lyr
279.3896|62.5266|5.74|-0.045|||
279.3998|-0.3095|5.76|0.067|e||Ser
279.4768|-21.3977|5.93|0.189|||
279.6280|-23.5049|5.78|-0.018|||
279.7225|-21.0519|5.85|0.673|GJ722||
279.8096|-47.9098|5.84|0.233|||
279.8965|-43.1859|5.42|1.654|V0718||CrA
279.9701|52.1961|6.00|-0.067|||
280.0016|-7.7908|5.82|1.536|||
280.5684|-9.0525|4.70|0.358|δ||Sct
280.6581|55.5395|5.03|-0.070|c||Dra
280.7589|-71.4281|4.01|1.134|ζ||Pav
280.8802|-8.2752|4.88|1.112|ε||Sct
280.9056|-64.5514|5.76|0.967|||
280.9456|-38.3234|5.11|0.075|λ||CrA
280.9650|31.9266|5.68|0.360|||
281.0807|-35.6420|4.86|-0.168|||
281.0848|39.6701|4.67|0.170|ε1|Double Double|Lyr
281.0949|39.6127|4.59|0.180|ε2||Lyr
281.1932|37.6051|4.34|0.192|ζ1|Nasr Alwaki|Lyr
281.2008|37.5946|5.73|0.285|ζ2||Lyr
281.2067|-25.0109|5.82|0.033|||
281.2081|2.0600|5.02|-0.055|||Aql
281.2382|-39.6862|5.40|0.850|||
281.3621|-64.8713|4.78|0.199|||
281.3682|5.5001|5.82|0.041|||
281.4141|-26.9908|3.17|-0.107|φ|Namalsadirah|Sgr
281.4155|20.5463|4.19|0.483|||Her
281.4449|74.0856|5.25|0.953|||
281.5187|26.6621|4.83|1.199|||
281.5859|-22.3922|5.37|1.591|||Sgr
281.5926|75.4340|5.37|0.049|||Dra
281.6191|-0.9617|5.89|0.131|||Aql
281.6795|52.9880|5.91|-0.096|CX||Dra
281.6805|-10.1250|5.69|0.584|||
281.7553|18.1815|4.34|0.148|||Her
281.7936|-4.7479|4.22|1.087|β||Sct
281.8706|-5.7051|5.38|1.280|R||Sct
281.9359|-40.4062|5.20|0.781|μ||CrA
282.1579|-65.0777|5.71|0.268|θ||Pav
282.2104|-43.6800|5.46|0.133|η1||CrA
282.2224|19.3287|5.89|0.022|||
282.3639|-45.8101|5.80|0.891|||
282.3958|-43.4341|5.60|-0.077|η2||CrA
282.4171|-20.3247|5.22|1.404|||Sgr
282.4206|-5.9129|5.99|1.568|||
282.4413|32.8128|5.93|-0.154|ν1||Lyr
282.4705|32.5511|5.22|0.100|ν||Lyr
282.5200|33.3627|3.52|0.003|β|Sheliak|Lyr
282.7438|-9.7741|5.82|0.594|||
282.8004|59.3884|4.63|1.185|ο||Dra
282.8956|52.9751|5.51|0.843|GJ732.1||
283.0543|-62.1876|4.22|-0.150|λ||Pav
283.0685|21.4251|5.43|-0.068|||Her
283.1135|-46.5951|5.51|1.641|||
283.1652|-52.1074|5.18|0.962|κ||Tel
283.3064|50.7082|4.92|0.903|||
283.4315|36.9717|5.58|-0.138|δ1||Lyr
283.5004|-21.3598|5.68|1.206|||Sgr
283.5424|-22.7448|4.86|1.412|ν1|Ainalrami|Sgr
283.5552|27.9095|5.64|1.361|||
283.5994|71.2972|4.82|1.151|υ|Athafi|Dra
283.6262|36.8986|4.22|1.575|δ2||Lyr
283.6796|-15.6030|5.08|0.141|||
283.6870|22.6451|4.57|0.782|||Her
283.6964|48.8594|5.84|0.452|||
283.6964|-87.6058|5.29|1.304|χ||Oct
283.7174|41.6027|5.46|1.034|||
283.7188|33.9686|5.99|0.922|||
283.7798|-22.6713|5.00|1.348|ν2||Sgr
283.8164|-26.2967|2.05|-0.134|σ|Nunki|Sgr
283.8338|43.9461|4.08|1.397|||Lyr
283.8644|6.6153|5.58|1.041|||Ser
283.8792|-16.3766|5.56|0.445|||
284.0028|-23.1738|5.91|-0.021|||
284.0255|18.1054|5.69|1.092|||
284.0549|4.2036|4.62|0.161|θ1|Alya|Ser
284.0610|4.2021|4.98|0.204|θ2||Ser
284.0706|-42.7107|5.35|0.998|||
284.1072|65.2581|5.62|0.938|||
284.1687|-37.3432|5.36|-0.147|V0686||CrA
284.1877|57.8149|5.67|1.155|||Dra
284.2376|-67.2335|4.40|0.530|κ||Pav
284.2567|32.9013|5.20|0.594|GJ738A||
284.2653|-5.8463|4.83|1.057|η||Sct
284.3191|2.5353|5.56|0.004|||Ser
284.3353|-20.6563|5.02|0.137|ξ1||Sgr
284.4325|-21.1067|3.52|1.151|ξ2||Sgr
284.5079|38.2662|5.89|-0.090|||
284.5614|17.3609|5.33|0.731|FF||Aql
284.6157|-52.9386|4.85|-0.051|λ||Tel
284.6519|-60.2005|5.14|1.355|ω||Pav
284.6807|-37.1074|4.83|0.396|ε||CrA
284.6955|13.9066|5.91|0.251|||Aql
284.7359|32.6896|3.25|-0.049|γ|Sulafat|Lyr
284.7739|13.6222|5.27|0.573|||Aql
284.8492|-12.8405|5.51|-0.038|||
284.9057|15.0683|4.02|1.082|ε|Deneb al Okab Borealis|Aql
284.9395|26.2304|5.26|1.228|||
285.0034|32.1455|4.94|1.465|λ||Lyr
285.0149|-66.6536|5.98|0.977|||
285.0570|50.5335|5.39|-0.182|LV||Dra
285.1811|55.6583|5.51|0.862|||Dra
285.3223|26.2914|5.69|-0.086|||
285.3599|46.9348|5.00|0.186|||Lyr
285.4201|-5.7391|4.02|1.079|i||Aql
285.6153|-24.8468|5.63|1.232|||
285.6530|-29.8801|2.60|0.062|ζ|Ascella|Sgr
285.7271|-3.6990|5.40|-0.005|g||Aql
285.7659|-19.2457|5.96|1.158|||
285.7787|-42.0951|4.74|-0.027|ζ||CrA
285.8237|-38.2531|5.73|0.328|V0701||CrA
285.8735|-68.7555|5.89|0.553|||
285.8844|1.8188|5.82|0.182|||
285.9898|-51.0186|5.93|1.236|||
286.1044|-31.0471|5.49|0.026|||
286.1708|-21.7415|3.76|1.012|ο|Manubrij|Sgr
286.2299|53.3967|5.40|-0.014|||Dra
286.2403|-4.0314|5.40|1.120|h||Aql
286.2411|31.7441|5.63|1.548|||
286.3525|13.8635|2.99|0.014|ζ|Okab|Aql
286.4216|-15.6604|5.93|-0.015|||
286.5622|-4.8826|3.43|-0.096|λ|Al Thalimain Prior|Aql
286.5831|-52.3409|5.17|0.532|ρ||Tel
286.6046|-37.0634|4.23|0.523|γ||CrA
286.6572|28.6286|5.53|0.296|||
286.6600|24.2508|5.78|0.104|||
286.7172|-16.2293|6.00|-0.025|||
286.7317|-48.2991|5.95|-0.017|||
286.7350|-27.6704|3.32|1.169|τ||Sgr
286.7442|11.0712|5.07|-0.055|||Aql
286.8255|36.1002|5.25|-0.109|ι||Lyr
286.8566|32.5017|5.20|0.367|||Lyr
287.0696|-19.2903|5.56|-0.087|V4024||Sgr
287.0874|-40.4967|4.57|1.070|δ||CrA
287.1075|52.4257|5.88|1.086|V1762||Cyg
287.2496|6.0732|5.23|0.346|||Aql
287.2912|76.5605|5.11|0.308|||Dra
287.3681|-37.9045|4.11|0.042|α|Meridiana|CrA
287.4410|-21.0236|2.88|0.377|π|Albaldah|Sgr
287.4703|-68.4244|5.31|0.901|||
287.4902|-41.8923|5.86|-0.080|||
287.5073|-39.3408|4.10|1.163|β||CrA
287.9191|56.8592|5.13|1.008|||Dra
287.9417|31.2835|5.93|-0.062|||Lyr
288.0210|49.8558|5.85|0.666|Wo9648B||
288.1388|67.6615|3.07|0.990|δ|Altais|Dra
288.1696|-7.9395|5.35|0.094|||Aql
288.3070|-25.9068|5.79|1.387|||
288.3147|-12.2826|5.51|1.442|||
288.4279|2.2937|5.14|-0.071|||Aql
288.4395|39.1460|4.43|-0.150|η|Aladfar|Lyr
288.4798|57.7051|5.00|1.156|||Dra
288.6648|-45.1935|5.91|0.902|||
288.8223|21.2321|5.65|0.121|||Sge
288.8337|15.0837|5.58|1.067|||
288.8536|30.5264|5.88|1.665|||
288.8851|-25.2567|4.86|0.569|ψ|Al Kiladah|Sgr
288.8877|73.3555|4.45|1.257|τ||Dra
289.0543|21.3904|4.76|-0.058|||Vul
289.0906|-45.4660|5.38|1.349|||
289.0921|38.1337|4.35|1.258|θ||Lyr
289.1116|14.5446|5.65|-0.020|||
289.1293|4.8348|5.59|0.101|||Aql
289.2757|53.3685|3.80|0.950|κ|Fawaris|Cyg
289.3010|-66.6610|5.52|0.170|||
289.4087|-18.9529|4.88|1.013|d||Sgr
289.4318|23.0255|5.46|0.020|||Vul
289.4542|11.5954|5.28|0.196|ω1||Aql
289.6354|1.0851|5.10|1.143|||Aql
289.9140|12.3747|5.53|0.265|A||Aql
289.9166|-35.4215|5.59|-0.122|||
290.0668|57.6451|5.91|1.626|||
290.1371|-5.4158|4.98|0.937|f||Aql
290.1487|-0.8922|5.46|-0.041|d||Aql
290.1590|-22.4025|5.59|0.276|||
290.1670|65.7145|4.60|0.033|π|Tais|Dra
290.4182|-17.8472|3.92|0.228|ρ1||Sgr
290.4318|-15.9550|4.52|0.079|υ||Sgr
290.4621|-18.3084|5.84|1.062|ρ2||Sgr
290.5898|-0.2523|5.81|1.093|||
290.6596|-44.4590|3.96|-0.085|β1|Arkab Prior|Sgr
290.7120|26.2624|5.22|-0.119|||Vul
290.7134|-54.4239|5.03|0.020|η||Tel
290.8047|-44.7998|4.27|0.350|β2|Arkab Posterior|Sgr
290.9716|-40.6159|3.96|-0.105|α|Rukbat|Sgr
290.9854|43.3882|5.85|0.924|||
291.0316|29.6213|4.99|-0.120|||Cyg
291.2425|11.9444|5.17|0.761|b||Aql
291.2668|-29.3094|5.91|1.278|||
291.3187|-24.5086|5.02|0.235|χ1||Sgr
291.3400|-13.8971|5.72|1.372|||
291.3692|19.7984|5.14|0.999|||Vul
291.3746|3.1148|3.36|0.319|δ|Almizan|Aql
291.3736|-23.9625|5.45|1.442|χ3||Sgr
291.5380|36.3179|5.17|-0.120|||Cyg
291.5460|-15.0533|5.71|0.007|||
291.5552|20.0977|5.60|-0.006|||Vul
291.5798|-21.7767|5.57|1.228|||Sgr
291.6006|13.0238|5.76|0.456|||
291.6195|19.8915|5.84|1.558|||
291.6295|0.3386|4.64|0.576|ν||Aql
291.7353|-29.7432|5.66|-0.014|||
291.8582|52.3204|5.73|-0.002|||Cyg
291.9505|-54.3253|5.70|1.406|||
292.0867|2.9300|5.84|-0.003|||
292.1764|24.6649|4.44|1.502|α|Anser|Vul
292.2378|24.7687|5.82|1.023|||Vul
292.2541|1.9504|5.79|0.088|c||Aql
292.3423|14.5960|5.57|1.050|||
292.3494|-43.4452|5.70|0.214|||
292.4265|51.7298|3.76|0.148|ι||Cyg
292.4674|-26.9856|5.46|1.120|Wo9657A||
292.6660|-2.7889|5.03|1.770|e||Aql
292.6803|27.9597|3.05|1.088|β1|Albireo|Cyg
292.6891|27.9653|5.12|-0.095|β2||Cyg
292.7957|-68.4339|5.98|1.638|||
292.8305|50.3067|5.55|1.274|||
292.8401|26.6172|5.89|0.915|||
292.9430|34.4530|4.74|-0.150|||Cyg
293.0900|69.6612|4.67|0.786|σ|Alsafi|Dra
293.2243|-53.1856|5.76|0.300|||
293.3401|-45.2717|5.59|-0.020|PW||Tel
293.4234|49.2623|6.00|1.545|V1743||Cyg
293.5223|7.3789|4.45|1.176|μ||Aql
293.5354|-40.0346|5.89|0.105|V4089||Sgr
293.5825|51.2366|5.71|0.475|NSV 24||820
293.6454|19.7734|5.00|-0.093|||Vul
293.6719|42.4125|5.34|0.060|||
293.7122|29.4630|5.39|0.581|||Cyg
293.7802|-10.5604|5.12|1.122|||Aql
293.8041|-48.0992|4.88|1.096|ι||Tel
294.0069|-24.7191|5.64|0.185|h1||Sgr
294.1106|50.2211|4.49|0.395|θ||Cyg
294.1582|44.6949|5.17|0.928|||
294.1768|-24.8836|4.59|-0.075|h2||Sgr
294.1803|-1.2866|4.36|-0.079|ι|Al Thalimain Posterior|Aql
294.2186|11.2732|5.98|0.881|||
294.2227|-7.0275|4.93|-0.046|κ||Aql
294.2639|-18.2311|5.66|1.237|||
294.3225|16.4628|5.67|1.007|ε||Sge
294.3934|-14.3018|5.46|0.501|GJ764.2||
294.4472|-4.6476|5.45|0.429|||Aql
294.6716|54.9738|5.89|0.482|V1143||Cyg
294.7985|5.3978|5.18|-0.001|σ||Aql
294.8442|30.1533|4.68|0.971|φ||Cyg
294.8604|42.8183|5.41|-0.063|||Cyg
295.0241|18.0139|4.39|0.777|α|Sham|Sge
295.0299|-23.4291|5.97|1.038|||
295.1805|-0.6212|5.64|0.123|||Aql
295.1808|-16.2933|5.30|1.109|e1||Sgr
295.2091|45.5249|5.06|0.426|||
295.2622|17.4760|4.39|1.041|β||Sge
295.2730|13.8157|5.98|-0.078|QS||Aql
295.4540|50.5251|5.99|0.643|c||Cyg
295.6297|-16.1240|5.06|0.319|e2||Sgr
295.6417|11.8266|5.28|0.575|χ||Aql
295.6859|32.4267|5.93|0.118|||
295.8897|-15.4701|5.49|0.460|Wo9666||
295.9289|25.7719|5.50|0.939|||Vul
295.9379|41.7731|5.86|1.598|||
296.0692|37.3544|4.89|0.948|||Cyg
296.0767|69.3371|5.90|0.072|||
296.2437|45.1308|2.86|-0.002|δ|Fawaris|Cyg
296.4164|7.6132|5.89|0.180|υ||Aql
296.5051|-31.9086|5.51|0.024|||
296.5649|10.6133|2.72|1.507|γ|Tarazed|Aql
296.5906|-19.7611|4.87|1.061|f||Sgr
296.6067|33.7276|5.00|0.476|||Cyg
296.8469|18.5343|3.68|1.313|δ||Sge
296.8657|38.4076|5.83|-0.087|||
296.9523|25.3841|6.00|0.993|||
297.0050|-56.3626|5.33|0.196|ν||Tel
297.0431|70.2679|3.84|0.888|ε|Tyl|Dra
297.1752|11.8159|5.75|0.546|π||Aql
297.2444|19.1420|5.01|0.095|ζ||Sge
297.2592|-10.8708|6.00|1.233|||
297.3554|-72.5034|5.39|0.234|||
297.5586|-47.5574|5.91|1.678|||
297.6416|38.7224|5.18|1.665|||Cyg
297.6555|40.5998|5.68|-0.058|V0380||Cyg
297.6572|52.9880|5.03|1.286|d||Cyg
297.6867|-59.1937|5.41|0.082|||
297.6958|8.8683|0.76|0.221|α|Altair|Aql
297.6949|-10.7635|5.38|0.402|||Aql
297.7568|10.4157|5.12|0.563|ο||Aql
297.7671|22.6100|4.90|-0.153|||Vul
297.9609|-39.8744|5.32|-0.045|V3961||Sgr
297.9961|47.0273|5.60|-0.078|||
298.0066|24.9922|5.54|0.680|||
298.0299|47.9318|5.91|-0.174|||
298.0500|-19.0450|5.88|0.979|||Sgr
298.1182|1.0057|3.87|0.630|η|Tarazed|Aql
298.1572|-54.9710|5.76|0.915|||
298.3224|57.5235|5.14|-0.125|||Cyg
298.3281|-3.1145|5.63|0.231|V1291||Aql
298.3654|24.0796|4.57|-0.047|||Vul
298.5345|-8.5742|5.76|1.664|||Aql
298.5620|8.4615|4.71|1.023|ξ|Libertas|Aql
298.6295|24.3194|5.56|-0.018|||
298.6569|-8.2273|5.70|-0.079|||Aql
298.6867|0.2736|5.60|0.098|||Aql
298.7010|36.9957|5.79|0.773|||
298.8154|-41.8683|4.12|1.063|ι||Sgr
298.8283|6.4068|3.71|0.855|β|Alshain|Aql
298.9074|52.4389|4.91|0.124|ψ||Cyg
298.9598|-26.2995|4.70|0.748|ω|Terebellum|Sgr
298.9657|38.4867|4.95|-0.086|||Cyg
298.9807|58.8460|4.98|1.584|||
299.0053|16.6348|5.71|0.903|||Sge
299.0594|11.4237|5.28|0.014|φ||Aql
299.0765|35.0834|3.89|1.019|η||Cyg
299.2368|-27.1699|4.54|1.462|b1|Terebellum|Sgr
299.2763|-58.9014|5.24|0.014|||
299.3078|40.3678|5.46|-0.090|||
299.4394|16.7892|5.54|-0.048|||Sge
299.4876|-15.4915|5.01|0.055|g||Sgr
299.6583|30.9837|5.51|-0.060|||
299.6720|-69.1640|5.74|0.224|||
299.6893|19.4921|3.51|1.571|γ||Sge
299.7383|-26.1958|4.84|0.882|A|Terebellum|Sgr
299.7939|23.1013|5.68|0.345|||Vul
299.8351|45.7725|5.92|0.185|||
299.9341|-35.2763|4.37|-0.150|θ1||Sgr
299.9473|-9.9582|5.87|0.598|GJ773.3||
299.9640|-34.6978|5.30|0.170|θ2||Sgr
299.9800|37.0429|5.15|-0.133|||Cyg
300.0138|17.5165|5.33|1.576|||Sge
300.0664|-37.7017|5.95|0.989|||
300.0844|-33.7035|5.65|0.498|GJ773.4||
300.0963|-66.9494|5.75|1.033|μ1||Pav
300.1481|-72.9105|3.97|-0.032|ε||Pav
300.2014|-45.1129|5.80|0.295|||
300.2457|8.5577|5.90|1.529|||
300.2752|27.7536|4.66|0.184|||Vul
300.3398|50.1047|5.06|1.122|e||Cyg
300.3689|64.8210|5.22|1.598|e||Dra
300.4364|-59.3759|4.95|1.356|NU||Pav
300.4363|24.8004|5.88|-0.134|||
300.4686|-66.9440|5.32|1.218|μ2||Pav
300.4942|-13.6372|5.69|0.079|||Sgr
300.5060|24.9380|5.23|0.374|||Vul
300.6645|-27.7098|4.43|1.640|c|Terebellum|Sgr
300.7045|67.8736|4.51|1.313|ρ||Dra
300.8183|18.5010|5.99|1.420|||
300.8751|16.0313|5.73|-0.095|||Sge
300.8894|-37.9407|4.77|1.417|||
300.9059|29.8968|5.73|0.749|GJ777A||
301.0259|17.0702|5.80|0.600|||Sge
301.0346|7.2780|5.51|1.063|τ||Aql
301.0816|-32.0563|4.99|1.208|||
301.0965|-0.7093|5.67|1.301|||Aql
301.1507|32.2186|5.62|0.760|V1768||Cyg
301.2896|19.9911|5.09|1.058|η||Sge
301.3870|61.9954|5.40|1.191|||Dra
301.5577|53.1657|5.81|0.445|||
301.5907|35.9725|5.38|0.850|b1||Cyg
301.7225|23.6144|5.08|-0.162|||Vul
301.8465|-52.8808|4.93|1.591|ξ||Tel
302.0076|-0.6782|5.97|1.023|||Aql
302.1817|-66.1821|3.55|0.751|δ||Pav
302.2223|77.7114|4.38|-0.046|κ|Al Aghnam|Cep
302.3567|36.8396|4.93|-0.139|b2||Cyg
302.6397|26.9042|5.51|0.087|||Vul
302.7997|-36.1012|5.32|0.868|GJ783A||
302.8262|-0.8215|3.24|-0.066|θ||Aql
302.8955|62.0785|5.70|0.530|||Dra
302.9499|26.8090|5.51|1.397|||Vul
303.0029|26.4788|5.91|-0.107|||Vul
303.1078|-12.6175|5.84|0.476|ξ||Cap
303.3078|-1.0093|5.44|1.430|||Aql
303.3252|46.8157|4.80|0.100|||Cyg
303.3494|56.5677|4.28|0.114|||Cyg
303.3651|60.6406|5.81|1.476|||
303.4079|46.7413|3.80|1.270|ο1||Cyg
303.5605|28.6948|5.19|0.191|||Vul
303.5692|15.1976|4.94|0.072|ρ||Aql
303.5793|-52.4458|5.65|1.497|||
303.6335|36.8063|4.93|0.151|b3||Cyg
303.8162|25.5920|4.79|-0.181|QR||Vul
303.8225|-27.0330|5.73|0.878|GJ785||
303.8490|33.7291|5.70|0.926|||
303.8680|47.7142|3.96|1.451|ο2||Cyg
303.8760|23.5089|5.18|1.016|||Vul
303.9422|27.8142|4.50|1.258|||Vul
304.0026|45.5795|5.87|0.447|||
304.1962|24.6711|5.30|0.951|||Vul
304.2304|40.3651|5.27|1.650|||
304.3805|66.8537|5.91|0.602|GJ788||
304.4120|-12.5082|4.30|0.928|α1|Prima Giedi|Cap
304.4467|38.0329|4.77|0.377|P|Revenant of the Swan|Cyg
304.5058|-21.8100|5.86|1.002|||Cap
304.5136|-12.5449|3.58|0.883|α2|Algedi|Cap
304.5291|40.7321|5.83|0.073|||
304.6031|55.3971|5.76|0.118|||
304.6194|36.9998|5.58|0.056|||Cyg
304.6628|34.9828|5.14|0.660|||Cyg
304.8484|-19.1185|5.28|1.394|σ||Cap
304.9030|62.2575|5.71|-0.043|||Dra
305.0008|13.5481|5.96|0.299|||
305.0251|68.8803|5.59|1.472|||
305.0892|17.7929|5.82|1.500|||
305.1659|-12.7591|4.77|-0.047|ν|Alshat|Cap
305.2528|-14.7814|3.05|0.790|β|Dabih|Cap
305.2980|63.9801|5.69|1.561|||
305.5143|24.4461|5.50|-0.090|||Vul
305.5224|45.7950|5.58|1.077|||
305.5571|40.2567|2.23|0.673|γ|Sadr|Cyg
305.6146|-42.0495|5.60|0.002|κ1||Sgr
305.6887|41.0260|5.95|1.632|||
305.7946|5.3430|5.30|0.983|||
305.9349|37.4764|5.87|-0.173|||
305.9651|32.1902|4.43|1.331|||Cyg
305.9716|-42.4229|5.64|0.201|κ2||Sgr
306.3618|-28.6633|5.86|1.101|||
306.4119|-56.7351|1.94|-0.118|α|Peacock|Pav
306.4189|21.4096|5.68|0.921|||
306.7594|49.3834|5.73|0.339|||Cyg
306.8300|-18.2117|5.08|-0.049|π|Okul|Cap
306.8927|38.4403|5.63|0.072|||Cyg
307.0608|81.4227|5.38|1.010|||Dra
307.2151|-17.8137|4.77|0.386|ρ||Cap
307.3350|36.4547|5.90|0.407|||Cyg
307.3489|30.3686|4.01|0.404|||Cyg
307.3649|81.0913|5.96|0.942|||Dra
307.3630|56.0682|5.89|-0.052|||
307.3954|62.9941|4.21|0.199|θ|Al Kidr|Cep
307.4125|-2.8855|4.91|1.160|||Aql
307.4746|-18.5832|5.94|0.062|ο||Cap
307.5148|48.9516|4.94|-0.087|ω1|Ruchba|Cyg
307.8284|49.2203|5.44|1.566|ω2|Ruchba|Cyg
307.8767|74.9546|5.18|0.100|||Dra
308.0987|-9.8534|5.66|0.689|||
308.3032|11.3033|4.03|-0.123|ε|Aldulfin|Del
308.3235|-80.9649|5.76|1.122|||
308.4758|35.2509|4.61|1.593|||Cyg
308.4785|46.6939|5.78|-0.140|V2015||Cyg
308.4795|-44.5160|5.12|0.999|ν||Mic
308.4877|13.0273|5.39|0.093|η||Del
308.8272|14.6742|4.64|0.120|ζ||Del
308.8952|-60.5817|4.75|0.291|φ1||Pav
309.1818|-2.5500|4.91|1.606|||Aql
309.2695|26.4619|5.59|-0.050|||Vul
309.3873|14.5951|3.64|0.425|β|Rotanev|Del
309.3918|-47.2915|3.11|0.998|α|Persian|Ind
309.3971|-61.5299|4.86|0.447|ρ||Pav
309.4547|11.3777|5.42|0.050|ι||Del
309.5775|-81.2891|5.89|1.692|||
309.5845|-1.1051|4.31|0.949|l||Aql
309.6306|21.2012|4.81|-0.030|||Vul
309.6330|24.1160|5.06|-0.133|||Vul
309.6458|23.6805|5.91|0.953|||
309.6833|13.3151|5.69|1.509|θ||Del
309.7480|30.3343|5.68|1.088|||
309.7707|15.8382|5.99|-0.145|||
309.7824|10.0862|5.07|0.702|κ||Del
309.8180|-14.9548|5.24|-0.129|τ||Cap
309.8537|0.4864|5.15|1.060|||Aqr
309.9095|15.9121|3.77|-0.057|α|Sualocin|Del
310.0110|-60.5489|5.11|0.544|φ2||Pav
310.0123|-18.1387|5.15|1.647|υ||Cap
310.0132|43.4589|5.97|1.186|||
310.0826|-33.4318|5.47|1.118|||
310.1355|-16.1242|5.79|0.997|||
310.2606|32.3073|5.53|0.871|||Cyg
310.3486|-31.5983|5.75|1.551|||
310.3580|45.2803|1.25|0.092|α|Deneb|Cyg
310.4854|41.7169|5.68|-0.107|||
310.4878|-66.7607|5.14|-0.061|υ||Pav
310.5124|-76.1806|5.99|0.450|μ1||Oct
310.5526|50.3400|5.41|-0.107|||Cyg
310.6468|82.5312|5.75|0.000|||Dra
310.7959|66.6574|5.59|0.218|||Cep
310.8647|15.0746|4.43|0.302|δ|Al Ukud|Del
311.0097|-51.9210|4.51|0.278|η||Ind
311.0919|56.4884|5.91|1.643|V0414||Cep
311.2188|25.2706|4.92|1.183|||Vul
311.2396|-66.2032|3.42|0.163|β||Pav
311.3224|61.8388|3.41|0.912|η|Kabalfird|Cep
311.3380|57.5797|4.52|0.535|υ1||Cep
311.4156|30.7197|4.22|1.051|||Cyg
311.5239|-25.2709|4.13|0.426|ψ|Wei|Cap
311.5416|-21.5140|5.91|0.066|||Cap
311.5528|33.9703|2.48|1.021|ε|Aljanah|Cyg
311.5836|-39.1993|5.48|-0.078|||
311.6619|16.1241|5.15|0.495|γ1||Del
311.6646|16.1243|4.27|1.042|γ2|Al Salib|Del
311.7948|34.3741|4.93|1.294|T||Cyg
311.8522|36.4907|4.53|-0.083|λ||Cyg
311.8894|80.5523|5.36|1.144|||
311.9190|-9.4958|3.78|0.000|ε|Albali|Aqr
311.9343|-5.0277|4.43|1.639|k||Aqr
311.9514|6.0082|5.57|-0.010|||Del
311.9554|47.8319|5.60|1.466|||
312.1214|-43.9885|5.11|0.361|ι||Mic
312.2345|46.1141|4.81|0.571|||Cyg
312.3234|-25.7812|5.86|-0.069|||
312.3257|-68.7765|5.41|1.122|σ||Pav
312.3707|-46.2268|4.90|1.494|ζ||Ind
312.4920|-33.7797|4.89|1.004|α||Mic
312.5205|44.0593|5.06|0.198|||Cyg
312.6741|-12.5449|5.87|1.075|||
312.7532|-37.9133|5.52|1.380|||
312.8573|-5.6266|5.99|0.464|||Aqr
312.8677|28.2505|5.66|0.616|T||Vul
312.8752|-51.6082|5.06|1.125|ι||Ind
312.9104|-62.4293|5.67|0.203|||
312.9554|-26.9191|4.12|1.633|ω||Cap
313.0320|27.0970|4.56|0.835|||Vul
313.0362|-5.5071|5.55|-0.076|||Aqr
313.1635|-8.9833|4.73|0.325|μ|Albulan|Aqr
313.3115|44.3873|4.80|-0.134|||Cyg
313.3274|45.1817|5.48|1.088|||
313.4174|-39.8099|5.34|1.318|||
313.4746|33.4379|5.47|1.522|||
313.6402|28.0576|5.03|1.481|||Vul
313.6848|75.9256|5.99|0.946|||
313.6992|-17.9229|5.78|1.122|||Cap
313.7025|-58.4542|3.67|1.250|β||Ind
313.9029|13.7215|5.19|1.119|||Del
313.9107|12.5686|5.54|0.131|||Del
313.9575|47.4177|5.68|0.408|||
314.1062|50.7286|5.83|0.337|||
314.1079|49.1958|5.92|1.054|||
314.1449|44.9247|5.96|0.020|||
314.1972|-26.2964|5.70|0.507|GJ811||
314.2251|-9.6975|5.49|1.474|||Aqr
314.2934|41.1671|3.94|0.027|ν||Cyg
314.4194|-16.0315|5.89|0.180|||
314.5681|22.3259|5.30|1.419|||Vul
314.5811|44.4717|5.55|0.973|||
314.6081|10.8393|5.51|0.934||Musica|Del
314.6251|50.4618|5.59|-0.144|||
314.6743|-14.4831|5.95|0.244|DV||Aqr
314.7687|4.2935|5.30|0.464|ε||Equ
314.7713|4.2946|5.24|0.457|||
314.8558|59.4386|5.54|1.411|||
314.9565|47.5210|4.74|-0.084|f1||Cyg
315.0166|7.5162|5.98|0.283|||
315.0895|-51.2653|5.76|0.480|||
315.1154|19.3296|5.69|1.588|||
315.2955|46.1558|5.38|-0.206|||Cyg
315.3228|-32.2578|4.67|0.890|γ||Mic
315.5375|56.6696|5.83|-0.058|||
315.6132|-38.5310|5.93|1.106|||
315.7415|-38.6314|5.32|0.424|ζ||Mic
315.9484|53.2859|5.93|1.001|||
316.0197|-5.8231|5.53|0.683|||Aqr
316.1013|-19.8550|4.82|0.169|η|Arm|Cap
316.1444|5.5029|5.63|1.650|||Equ
316.1794|-77.0238|5.13|0.490|α||Oct
316.2328|43.9279|3.72|1.609|ξ||Cyg
316.3094|-54.7270|5.17|1.201|μ||Ind
316.3613|5.9582|5.94|0.538|||Equ
316.3719|78.1264|5.91|-0.065|||Dra
316.4868|-17.2329|4.08|-0.010|θ||Cap
316.5048|-30.1251|5.69|1.047|δ||Mic
316.5971|71.4318|5.88|0.386|||
316.6028|-32.3416|5.20|1.104|||PsA
316.6063|-41.3860|5.55|1.350|η||Mic
316.6260|31.1847|5.77|0.554|DT||Cyg
316.6504|47.6484|4.56|1.569|f2||Cyg
316.7248|38.7494|5.20|1.069|||Cyg
316.7819|-25.0059|4.49|1.604|A||Cap
317.1362|-63.9283|5.75|1.180|||
317.1401|-21.1937|5.30|0.000|χ||Cap
317.1620|30.2056|5.60|-0.048|V0389||Cyg
317.1952|-88.9565|5.45|0.283|σ|Polaris Australis|Oct
317.3435|-73.1730|5.67|0.590|GJ818.1A||
317.3985|-11.3717|4.50|0.926|ν|Albulaan|Aqr
317.5649|53.5631|5.75|-0.111|||
317.5854|10.1316|4.70|0.262|γ||Equ
317.9510|59.9866|5.64|0.110|||
318.0571|-40.2694|5.83|0.450|NSV 25||506
318.2341|30.2269|3.21|0.990|ζ||Cyg
318.2628|-39.4249|5.25|0.460|||
318.3222|-27.6193|5.41|1.425|||PsA
318.3290|-36.4235|5.97|0.967|||
318.3355|-70.1263|5.06|1.578|ο||Pav
318.6201|10.0070|4.47|0.529|δ||Equ
318.6979|38.0453|3.74|0.393|τ||Cyg
318.9079|-20.6517|5.17|1.161|φ||Cap
318.9269|77.0123|5.92|1.531|||
318.9368|-15.1715|5.31|1.639|||Cap
318.9411|-53.2631|5.73|0.191|||
318.9560|5.2478|3.92|0.549|α|Kitalpha|Equ
319.3094|55.7980|6.00|1.447|||
319.3540|39.3947|4.22|0.098|σ||Cyg
319.4795|34.8969|4.41|-0.103|υ||Cyg
319.4845|-32.1725|4.71|0.070|ε||Mic
319.4887|-17.9851|5.40|-0.118|||Cap
319.5461|-4.5195|5.83|-0.130|||Aqr
319.6133|43.9459|5.04|-0.061|A||Cyg
319.6449|62.5856|2.45|0.257|α|Alderamin|Cep
319.7168|11.2034|5.97|1.612|||
319.8154|58.6235|5.51|1.114|V0381||Cep
319.8426|64.8719|5.19|-0.045|||Cep
319.8424|38.2375|5.89|0.505|V1334||Cyg
319.8698|49.5103|5.75|-0.119|||
319.9666|-53.4494|4.39|0.191|θ||Ind
320.1902|-40.8095|4.80|0.029|θ1||Mic
320.2683|23.8560|5.58|1.057|||Vul
320.2680|-4.5601|5.87|0.912|||Aqr
320.2701|7.3545|5.81|1.663|||Equ
320.5017|49.3888|5.68|1.100|||
320.5217|19.8045|4.08|1.108|||Peg
320.5617|-16.8345|4.28|0.888|ι||Cap
320.7234|6.8111|5.16|0.064|β||Equ
320.7344|-9.3193|5.99|1.516|||Aqr
320.7521|-22.6690|5.63|1.641|||
320.9951|24.2741|5.70|0.314|||
321.0400|-20.8519|5.38|1.176|||Cap
321.0479|-12.8781|5.48|0.297|||Aqr
321.1034|-41.0067|5.76|-0.036|θ2||Mic
321.1417|26.1746|5.67|0.323|||
321.2065|80.5248|5.97|0.950|||
321.3043|-9.7486|5.71|0.208|||Aqr
321.3207|-3.5567|5.48|1.451|||Aqr
321.3315|46.7143|5.59|0.335|||
321.4459|36.6674|5.93|0.033|||Cyg
321.5953|-37.8294|5.64|1.185|||
321.6109|-65.3662|4.21|0.494|γ||Pav
321.6668|-22.4113|3.77|1.002|ζ|Yen|Cap
321.7151|48.8352|5.29|0.108|||
321.7568|-42.5479|5.50|0.392|||
321.8117|-21.1962|5.78|1.440|||Cap
321.8390|37.1168|5.30|-0.140|||Cyg
321.9169|27.6086|5.39|0.049|||Vul
321.9423|66.8091|5.42|-0.099|||Cep
322.0344|32.2253|5.75|0.333|||
322.1650|70.5607|3.23|-0.201|β|Alfirk|Cep
322.1808|-21.8072|4.50|0.889|b||Cap
322.1872|-69.5054|5.47|1.553|SX||Pav
322.2491|22.1794|5.84|1.370|NV||Peg
322.3623|46.5406|5.22|0.965|g||Cyg
322.4871|23.6388|4.52|1.618|||Peg
322.7470|60.4594|5.53|0.102|||
322.8897|-5.5712|2.90|0.828|β|Sadalsuud|Aqr
323.0245|-41.1793|5.29|1.109|ξ||Gru
323.0607|-33.9446|5.97|0.051|||PsA
323.2358|49.9776|5.77|-0.042|||
323.3480|-44.8487|5.57|1.044|||
323.4952|45.5918|3.98|0.885|ρ||Cyg
323.6940|38.5341|4.87|1.085|||Cyg
323.7127|-20.0843|5.70|0.423|||Cap
323.8234|-3.9833|5.79|1.110|||
324.0104|45.3746|5.96|1.341|W||Cyg
324.0457|-26.1715|5.73|0.234|||PsA
324.2374|40.4135|5.04|0.198|||Cyg
324.2701|-19.4660|4.51|-0.180|ε|Kastra|Cap
324.4380|-7.8542|4.68|0.175|ξ|Bunda|Aqr
324.4393|19.3186|5.46|0.321|||Peg
324.4801|62.0819|4.76|0.246|||Cep
324.6331|5.7717|5.66|0.265|||Peg
324.7401|57.4890|5.74|0.200|||
324.7550|20.2655|5.77|0.314|NZ||Peg
324.8886|2.2436|5.10|1.034|d||Aqr
325.0227|-16.6623|3.69|0.320|γ|Nashira|Cap
325.0463|43.2738|5.09|1.601|||Cyg
325.3694|-77.3900|3.73|1.008|ν||Oct
325.3869|-14.0476|5.16|0.672|||Cap
325.4804|71.3114|4.55|1.108|||Cep
325.5029|-23.2629|5.24|0.991|||Cap
325.5045|35.5102|5.98|2.500|V0460||Cyg
325.5236|51.1896|4.69|-0.119|π1|Azelfafage|Cyg
325.5421|1.2853|5.66|1.446|||Aqr
325.5644|5.6801|5.30|1.653|||Peg
325.5957|41.0770|5.73|0.055|||Cyg
325.6646|-18.8663|4.72|0.868|κ||Cap
325.7668|72.3201|5.18|1.063|||Dra
325.7683|-14.3997|5.88|0.255|||Cap
325.7770|41.1550|5.51|1.615|||
325.8569|38.2836|5.69|-0.010|||Cyg
325.8769|58.7800|4.23|2.242|μ|The Garnet Star|Cep
326.0040|-14.7494|5.96|0.219|||Cap
326.0357|28.7426|4.49|0.512|μ1||Cyg
326.0465|9.8750|2.38|1.520|ε|Enif|Peg
326.1279|17.3500|4.34|1.161|||Peg
326.1305|14.7719|5.96|0.587|HN||Peg
326.1614|25.6450|4.14|0.425|κ||Peg
326.2220|62.4606|5.94|0.312|||
326.2367|-33.0258|4.35|-0.053|ι||PsA
326.2511|-9.0824|5.10|1.108|c||Cap
326.3622|61.1208|4.25|0.474|ν|Castula|Cep
326.5182|22.9489|5.29|1.381|||Peg
326.5678|-9.2759|6.00|1.629|||Cap
326.6337|-11.3660|5.57|-0.002|λ||Cap
326.6984|49.3096|4.23|-0.120|π2||Cyg
326.7602|-16.1273|2.85|0.180|δ|Deneb Algedi|Cap
326.8082|2.6861|5.63|0.012|||Peg
326.8554|60.6927|5.53|1.575|||Cep
326.9340|-30.8983|5.02|0.042|θ||PsA
327.0656|-47.3036|5.57|0.601|GJ838||
327.4612|30.1742|5.07|0.010|||Peg
327.5005|-64.7125|5.62|1.018|||
327.5362|17.2859|5.34|0.394|||Peg
327.6966|-69.6294|5.52|1.378|ο||Ind
327.7273|-82.7189|5.27|0.756|λ||Oct
327.8927|19.8267|5.78|-0.100|||
328.0043|55.7967|5.70|-0.081|||
328.1247|28.7935|5.52|0.426|||Peg
328.2657|25.9251|5.09|-0.155|||Peg
328.3240|-13.5518|5.08|0.378|μ||Cap
328.4058|19.6684|5.69|0.011|||
328.4822|-37.3649|3.00|-0.084|γ|Aldhanab|Gru
328.5432|-4.2762|5.71|1.185|||
328.7215|56.6112|5.74|0.655|||Cep
328.7975|-61.8866|5.92|0.393|||
328.8792|65.3208|5.84|-0.037|||
329.0949|-37.2537|5.45|0.084|||
329.1631|63.6256|5.11|1.547|VV||Cep
329.2349|12.0765|5.54|0.054|||Peg
329.4795|-54.9926|4.40|0.297|δ||Ind
329.7230|62.6980|5.96|1.640|||
329.8124|73.1799|5.04|0.439|||Cep
329.8246|-38.3951|5.50|0.996|||
330.0330|6.7174|6.00|-0.112|||Peg
330.2093|-28.4537|5.43|-0.095|η||PsA
330.2709|0.6047|5.60|1.279|||Aqr
330.2723|13.1198|5.61|0.336|||Peg
330.2885|8.2572|5.65|1.440|||Peg
330.4608|52.8823|5.79|-0.106|||
330.5191|58.0004|5.55|0.017|||Cep
330.7361|44.6499|5.57|-0.029|V1942||Cyg
330.7659|-76.1184|5.94|0.399|||
330.8186|-6.5224|5.55|0.959|||Aqr
330.8402|-56.7860|4.69|1.056|ε||Ind
330.8285|-2.1554|4.74|-0.100|ο|Sadalmulk|Aqr
330.8293|11.3866|5.83|-0.050|||Peg
330.9477|64.6280|4.26|0.379|ξ|Kurhah|Cep
330.9707|63.1199|5.26|1.557|||Cep
331.1532|-26.8224|5.97|-0.167|UU||PsA
331.1976|-0.9063|5.29|0.231|||Aqr
331.2521|62.7857|5.27|1.413|||Cep
331.2866|62.2798|5.07|0.240|||Cep
331.2972|26.6737|5.75|1.249|||
331.3945|28.9640|5.69|-0.048|||Peg
331.4198|5.0585|4.86|1.443|ν|Fum al Faras|Peg
331.4460|-0.3199|2.95|0.969|α|Sadalmelik|Aqr
331.4626|-59.6361|5.62|1.468|κ||Ind
331.5081|45.0143|5.09|1.568|||
331.5287|-39.5434|4.47|1.349|λ||Gru
331.6093|-13.8697|4.29|-0.075|ι||Aqr
331.7528|25.3451|3.77|0.435|ι||Peg
331.8691|19.4755|5.74|0.331|||
331.9596|21.7029|5.79|-0.077|||Peg
332.0583|-46.9610|1.73|-0.070|α|Alnair|Gru
332.0959|-32.9885|4.50|0.054|μ||PsA
332.1081|-34.0438|4.99|1.499|υ||PsA
332.2458|-18.5196|5.80|-0.154|||Aqr
332.3068|33.1723|5.58|0.985|π1||Peg
332.4518|72.3412|4.79|0.919|||Cep
332.4821|-34.0150|5.37|0.241|||
332.4969|33.1782|4.28|0.471|π||Peg
332.5366|-32.5484|4.94|0.489|τ||PsA
332.5499|6.1979|3.52|0.086|θ|Biham|Peg
332.6406|-4.2669|5.98|0.981|||
332.6560|11.6245|5.78|1.617|||
332.6562|-11.5649|5.43|-0.117|e||Aqr
332.6616|70.1326|5.52|0.391|||
332.7137|58.2013|3.39|1.558|ζ||Cep
332.7912|50.8234|5.38|0.152|||
332.8774|59.4145|5.05|0.192|λ||Cep
332.9532|56.8394|5.24|0.534|||
332.9639|16.0406|5.93|0.951|||
333.0084|60.7591|5.37|1.184|||
333.0337|24.9506|5.97|1.500|||
333.0935|63.2910|5.76|1.645|||
333.1993|34.6046|5.34|1.134|||
333.2942|86.1080|5.27|-0.030|||
333.4112|28.6080|5.87|1.169|||
333.4351|-25.1809|5.58|0.497|||
333.4552|45.4406|5.53|0.021|||
333.4697|39.7149|4.50|1.385|||
333.5751|-21.0746|5.33|0.812|||Aqr
333.5781|-27.7669|5.45|-0.121|λ||PsA
333.6849|42.9539|5.72|0.014|||
333.7591|57.0436|4.18|0.278|ε||Cep
333.9038|-41.3467|4.79|0.790|μ1||Gru
333.9924|37.7487|4.14|1.447|||Lac
334.1107|57.2202|5.88|0.950|||
334.1107|-41.6272|5.11|0.930|μ2||Gru
334.2002|-12.8314|5.34|1.132|||Aqr
334.2085|-7.7833|4.17|0.979|θ|Ancha|Aqr
334.2190|-9.0401|5.80|1.158|||
334.2771|-5.3872|5.75|0.878|||Aqr
334.4608|-77.5116|5.49|0.312|ψ||Oct
334.5527|62.8044|5.75|1.256|||Cep
334.5651|-53.6271|5.36|0.614|GJ853A||
334.6254|-60.2596|2.87|1.390|α||Tuc
334.7531|-13.3050|5.96|1.075|||Aqr
335.0070|-80.4397|5.09|1.276|ε||Oct
335.0497|-7.8211|5.35|-0.048|ρ||Aqr
335.1149|5.7895|5.37|-0.037|||Peg
335.2564|46.5366|4.55|-0.100|||Lac
335.3306|28.3305|4.78|-0.010|||Peg
335.3795|12.2052|4.82|-0.132|||Peg
335.3982|-21.5982|5.12|1.057|||Aqr
335.4141|-1.3873|3.86|-0.057|γ|Sadachbia|Aqr
335.7833|-45.9285|5.62|0.372|π2||Gru
335.8785|-24.7627|5.53|0.979|||Aqr
335.8840|-7.1944|5.92|0.998|||
335.8901|52.2290|4.42|1.015|β||Lac
336.0287|-4.8370|5.79|-0.033|||Aqr
336.1128|-13.5294|5.76|0.970|||Aqr
336.1291|49.4764|4.55|0.092|||Lac
336.1537|-72.2554|5.28|0.660|ν||Ind
336.2350|-57.7974|5.31|0.665|GJ857||
336.2942|-70.4316|5.78|0.396|||
336.3193|1.3774|4.80|-0.171|π|Seat|Aqr
336.5034|70.7709|5.47|1.216|||
336.6428|-16.7421|5.55|0.618|f||Aqr
336.6558|4.3938|5.76|0.519|||Peg
336.6767|78.7859|5.83|0.171|||Cep
336.7721|65.1323|5.52|0.302|||Cep
336.8332|-64.9664|4.51|-0.029|δ||Tuc
336.9427|31.8400|6.00|1.442|||
336.9647|4.6957|4.78|1.039|||Peg
337.1570|-67.4891|5.56|0.208|||
337.1634|-39.1318|5.47|0.959|ν||Gru
337.2080|-0.0200|3.65|0.406|ζ1|Sadaltager|Aqr
337.2833|9.1290|5.60|1.578|||Peg
337.2928|58.4152|4.07|0.778|δ||Cep
337.2926|26.7632|5.79|1.252|||
337.3174|-43.4956|3.97|1.022|δ1||Gru
337.3826|47.7069|4.34|1.679|||Lac
337.4393|-43.7492|4.12|1.570|δ2||Gru
337.4417|-27.1073|5.95|0.362|||
337.4707|78.8243|5.45|0.093|ρ|Al Kalb al Rai|Cep
337.4914|4.4317|5.51|0.385|||Peg
337.5076|32.5726|5.64|-0.031|||Peg
337.6219|43.1234|4.52|-0.086|||Lac
337.6617|-10.6780|4.82|-0.053|σ||Aqr
337.8229|50.2825|3.76|0.031|α||Lac
337.8764|-32.3461|4.29|0.011|β|Fum al Hui|PsA
337.9063|-85.9673|5.76|1.020|υ||Oct
338.0676|76.2264|5.70|0.020|||
338.1099|39.7797|5.88|0.166|||
338.2503|-61.9821|4.91|1.612|ν||Tuc
338.4194|56.6247|5.72|0.966|||
338.5121|-1.5743|5.88|0.977|||Aqr
338.6735|-20.7082|5.21|0.446|υ||Aqr
338.8391|-0.1175|4.04|-0.083|η||Aqr
338.9016|-23.9911|5.97|0.984|||
338.9422|73.6432|5.08|0.395|||Cep
338.9679|39.6343|5.73|-0.160|||Lac
339.1477|-31.6638|5.82|1.074|||
339.2452|-40.5910|5.85|0.060|σ2||Gru
339.3040|75.3718|5.80|1.594|||
339.3434|51.5451|4.64|0.254|||Lac
339.4391|-4.2281|5.04|1.140|κ|Situla|Aqr
339.6580|56.7956|5.11|1.537|||
339.6627|63.5845|5.19|0.083|||Cep
339.7144|-33.0813|5.66|0.037|VZ||PsA
339.7191|19.5223|5.84|0.922|||Peg
339.8153|39.0503|4.89|-0.207|||Lac
340.0767|53.8459|5.94|0.946|||
340.0929|-30.6589|5.88|1.297|||
340.1286|44.2763|4.50|1.318|||Lac
340.1639|-27.0436|4.18|-0.105|ε||PsA
340.2038|-57.4223|5.98|1.450|||
340.2195|14.5492|5.72|0.723|||
340.3655|10.8314|3.41|-0.086|ζ|Homam|Peg
340.3694|40.2254|5.25|-0.137|||Lac
340.4002|41.5491|5.93|0.998|||
340.4392|29.3076|4.80|-0.013|ο|Sadalmatar|Peg
340.4894|14.5164|5.92|1.114|||
340.6537|-47.2108|5.99|0.584|GJ871A||
340.6669|-46.8846|2.07|1.610|β|Tiaki|Gru
340.7506|30.2212|2.93|0.852|η|Matar|Peg
340.8749|-41.4143|4.84|1.027|ρ||Gru
340.8968|-18.8304|4.68|1.358|g||Aqr
341.0217|39.4653|5.93|1.490|||
341.0228|41.8192|5.11|0.960|||Lac
341.4078|-53.5001|4.84|1.180|η||Gru
341.4199|-46.5473|5.52|1.302|||
341.5146|-81.3816|4.13|0.208|β||Oct
341.5426|44.5461|5.84|0.358|||
341.6328|23.5657|3.97|1.070|λ|Sadalnazi|Peg
341.6733|12.1729|4.20|0.502|ξ|Suudalnujum|Peg
341.8711|83.1538|4.77|1.257|||
341.8880|-19.6134|5.24|0.941|||Aqr
341.9282|-14.0564|5.68|-0.016|τ1||Aqr
342.0460|37.4167|5.82|1.024|||
342.1387|-51.3169|3.49|0.083|ε||Gru
342.3979|-13.5926|4.05|1.570|τ2||Aqr
342.4201|66.2004|3.50|1.053|ι||Cep
342.4430|55.9028|5.43|1.167|||
342.5008|24.6016|3.51|0.933|μ|Sadalbari|Peg
342.5907|41.9534|5.91|0.062|||Lac
342.5951|-80.1238|5.32|-0.126|ξ||Oct
342.7590|-39.1568|5.43|1.444|||
342.7626|85.3737|5.89|1.340|||
342.8372|-29.5363|5.99|0.907|||PsA
342.8443|61.6967|5.61|0.775|||
343.0085|43.3124|4.95|1.559|||Lac
343.1003|9.8357|5.16|0.487|σ||Peg
343.1314|-32.8755|4.46|-0.037|γ||PsA
343.1536|-7.5796|3.73|1.626|λ|Hydor|Aqr
343.2594|16.8412|5.86|1.132|IM||Peg
343.3696|-11.6165|5.80|-0.082|||Aqr
343.4173|44.7492|5.79|0.282|||
343.5291|40.3769|5.82|1.136|||
343.6040|84.3462|4.70|1.418|||
343.6626|-15.8208|3.27|0.066|δ|Skat|Aqr
343.6895|-16.2720|5.53|1.111|||Aqr
343.7610|37.0768|5.91|0.397|||
343.7957|-4.9879|5.72|0.881|||
343.8070|8.8162|4.91|-0.003|ρ||Peg
343.9354|36.3514|5.73|-0.051|||
343.9871|-32.5396|4.20|0.952|δ||PsA
344.0985|41.6039|5.60|-0.149|||Lac
344.1083|49.7335|4.99|1.778|||
344.1992|-47.9692|5.72|0.226|τ3||Gru
344.2688|48.6841|5.34|-0.102|EW||Lac
344.3666|20.7688|5.45|0.666||Helvetios|Peg
344.4127|-29.6222|1.17|0.145|α|Fomalhaut|PsA
344.7992|11.7288|5.76|0.293|||Peg
344.8644|0.9629|5.43|0.982|||Psc
344.8990|-29.4623|5.51|0.271|WX||PsA
345.0213|56.9454|5.10|1.011|V0509||Cas
345.0241|-25.1642|5.66|1.253|||
345.1788|3.0118|5.85|1.343|||
345.2200|-52.7541|4.11|0.960|ζ||Gru
345.2816|-50.9500|5.68|1.411|||
345.3308|-28.8540|5.55|1.349|||
345.3821|-4.7115|5.94|0.992|||
345.4803|42.3260|3.62|-0.099|ο||And
345.6516|42.7578|5.09|0.094|||And
345.6844|-20.8707|5.97|0.946|||
345.8742|-34.7494|5.12|0.305|π||PsA
345.8870|67.2092|5.25|1.248|||
345.9436|28.0828|2.44|1.655|β|Scheat|Peg
345.9692|3.8200|4.48|-0.115|β|Fumalsamakah|Psc
345.9985|-41.4789|5.79|1.069|||
346.0458|50.0521|4.64|1.058|||And
346.1651|-53.9649|5.37|1.453|κ||Gru
346.1902|15.2053|2.49|-0.002|α|Markab|Peg
346.2176|-68.8202|5.53|0.395|||
346.2908|-7.6938|5.44|0.312|h||Aqr
346.6534|59.4198|4.84|-0.060|||Cas
346.6702|-23.7431|4.48|0.892|c1||Aqr
346.7197|-43.5204|4.28|0.423|θ||Gru
346.7234|-38.8923|5.62|0.006|υ||Gru
346.7511|9.4095|4.54|1.559|||Peg
346.7781|25.4683|4.76|1.285|||Peg
346.8116|-50.6867|5.81|0.486|||
346.8696|21.1343|5.97|0.259|V0342||Peg
346.9136|46.3872|5.30|1.409|||And
346.9391|49.2958|5.68|0.449|||And
346.9744|75.3875|4.41|0.802|π||Cep
347.0878|-28.8237|5.60|0.882|||
347.1705|2.1279|5.42|0.908|A||Psc
347.3617|-21.1724|3.68|1.202|c2||Aqr
347.3811|8.6772|5.05|1.484|||
347.4339|59.3327|5.68|0.315|||
347.4360|-28.0886|5.88|1.311|||
347.4787|-22.4576|4.71|0.674|c3||Aqr
347.4890|-42.8613|5.83|0.475|||
347.5061|9.8221|5.39|-0.068|||Peg
347.5406|-40.5915|5.90|1.565|||
347.5897|-45.2467|3.88|0.998|ι||Gru
347.6133|43.5442|5.91|0.450|||And
347.6777|17.5944|5.68|1.330|||
347.9341|8.7201|5.15|0.139|||Peg
348.1375|49.4062|4.53|0.302|||And
348.3207|57.1684|5.57|1.000|GJ892||
348.3604|11.0650|5.85|1.004|||
348.5807|-6.0490|4.22|1.545|φ||Aqr
348.6546|74.2313|5.89|-0.010|||
348.7443|-41.1054|5.77|1.160|||
348.8927|-3.4964|5.56|0.062|||
348.9072|70.8881|5.55|0.263|V0388||Cep
348.9729|-9.0877|4.24|1.107|ψ1||Aqr
349.1658|-44.4892|5.92|1.053|||
349.1763|53.2135|5.58|0.556|HD 219623||
349.2122|-7.7265|4.93|1.613|χ||Aqr
349.2404|-62.0012|5.64|0.521|GJ1282||
349.2914|3.2823|3.70|0.916|γ||Psc
349.3574|-58.2357|3.99|0.410|γ||Tuc
349.4360|49.0153|4.82|1.668|||And
349.4759|-9.1825|4.41|-0.144|ψ2||Aqr
349.5412|-40.8244|5.54|0.445|φ||Gru
349.5972|41.7737|5.98|0.215|||And
349.6562|68.1114|4.75|0.836|ο||Cep
349.7060|-32.5320|4.41|1.109|γ||Scl
349.7403|-9.6107|4.99|-0.022|ψ3||Aqr
349.7765|-13.4547|5.19|0.895|||
349.7778|-13.4586|5.20|0.787|||Aqr
349.8499|-5.1244|5.56|0.386|||Aqr
349.8504|-18.0754|5.96|1.534|||
349.8742|48.6253|5.44|1.014|||And
349.9684|42.0780|5.81|1.512|||And
350.0858|5.3813|5.05|1.204|b||Psc
350.1593|23.7403|4.58|0.180|τ|Salm|Peg
350.2065|30.4149|5.58|1.501|||Peg
350.2219|38.1823|5.77|0.468|||And
350.3146|-26.9868|5.65|0.817|||
350.4789|31.8125|5.35|-0.101|||Peg
350.6356|60.1335|5.56|1.679|||
350.6632|-15.0393|5.19|0.203|||Aqr
350.7426|-20.1006|3.96|1.082|b1||Aqr
350.7690|12.3139|5.09|1.315|||Peg
351.0553|-51.8912|5.75|1.611|||
351.2094|62.2828|4.96|1.676|||Cas
351.2118|32.3849|5.56|-0.075|||Peg
351.3311|-56.8490|5.60|1.063|||
351.3449|23.4041|4.42|0.617|υ|Alkarab|Peg
351.5116|-20.6420|4.38|1.460|b2||Aqr
351.6524|-52.7216|5.53|0.409|ο||Gru
351.7331|1.2556|4.95|0.036|κ||Psc
351.7536|87.3075|5.56|0.250|||
351.7808|42.9120|5.75|-0.007|||And
351.8125|-58.4761|5.63|0.983|||
351.8193|70.3598|5.60|0.163|||
351.9183|25.1673|5.99|-0.066|||Peg
351.9921|6.3790|4.27|1.062|θ||Psc
352.0158|-87.4822|5.50|1.278|τ||Oct
352.2541|-63.1107|5.66|-0.142|CG||Tuc
352.2887|12.7606|4.54|0.939|||Peg
352.5081|58.5489|4.89|-0.122|AR||Cas
352.8226|39.2362|5.22|1.029||Veritate|And
353.2427|-37.8183|4.38|-0.095|β||Scl
353.3193|-20.9145|4.70|0.020|b3||Aqr
353.3316|-77.3853|5.82|0.681|HD 221420||
353.3671|22.4988|5.33|1.481|||Peg
353.4883|31.3253|4.97|1.383|||Peg
353.5376|-1.2476|5.91|0.299|||Psc
353.6564|40.2364|5.55|0.096|||And
353.6592|33.4973|5.63|1.042|||Peg
353.7057|-15.2460|5.95|1.350|||
353.7460|71.6420|5.86|1.681|||
353.7690|-42.6151|4.69|0.078|ι||Phe
354.0970|2.1022|5.68|0.449|||Psc
354.3835|44.4290|5.81|-0.064|||
354.3910|46.4582|3.81|0.984|λ||And
354.4148|-13.0602|5.66|1.025|||
354.4625|-45.4924|4.74|0.082|||
354.4867|18.4007|5.49|0.010|||Peg
354.5342|43.2681|4.29|-0.083|ι||And
354.5995|-76.8696|5.99|0.907|||
354.7847|50.4717|5.35|-0.061|||And
354.7924|75.2929|5.95|0.124|||
354.8369|77.6323|3.21|1.031|γ|Errai|Cep
354.8381|74.0026|5.98|0.889|||
354.9461|-14.2222|4.97|0.257|ω1||Aqr
354.9793|9.6773|5.99|0.212|||
354.9877|5.6263|4.13|0.507|ι||Psc
355.1021|44.3339|4.15|-0.071|κ||And
355.1590|-32.0731|5.30|0.965|μ||Scl
355.2871|-11.6807|5.89|0.984|||
355.3937|-18.0271|5.36|1.580|A1||Aqr
355.4409|-17.8165|4.82|0.822|A2||Aqr
355.4862|7.2505|5.89|0.101|||
355.5117|1.7800|4.49|0.200|λ||Psc
355.6159|-15.4480|5.27|1.344|||
355.6806|-14.5449|4.49|-0.032|ω2||Aqr
355.8432|10.3315|5.09|1.692|||Peg
355.9979|29.3615|4.93|0.935|||Peg
356.0502|-64.4045|5.73|1.393|||
356.0503|-18.2769|5.24|-0.084|i1||Aqr
356.1702|-78.7914|5.74|1.108|||
356.5038|-18.6783|5.28|0.299|i2||Aqr
356.5085|46.4203|4.97|1.086|ψ||And
356.5980|3.4868|4.95|2.500|||Psc
356.6531|66.7822|5.95|-0.049|||
356.7580|57.4514|5.55|1.630|||
356.7644|58.6520|4.88|1.122|τ||Cas
356.8163|-11.9111|5.74|1.068|||
356.8166|-50.2265|5.18|-0.164|σ||Phe
356.9782|67.8068|5.05|0.007|||
356.9856|-2.7616|5.49|0.941|||Psc
357.2090|62.2145|5.43|0.670|||Cas
357.2314|-28.1303|4.59|0.001|δ||Scl
357.3645|1.0761|5.77|0.167|||Psc
357.4141|28.8424|5.95|0.187|||Peg
357.4207|36.4253|5.86|0.806|OU||And
357.5614|-9.9741|5.93|1.133|||
357.6387|-14.4015|5.70|1.488|||
357.8385|9.3134|5.77|1.661|||Peg
357.8389|-18.9092|5.17|-0.122|i3||Aqr
357.9910|2.9304|5.59|1.527|||Psc
358.0270|-82.0188|5.10|0.934|γ1||Oct
358.1220|19.1203|5.06|1.587|φ||Peg
358.1250|-14.2512|5.85|1.252|||
358.1546|10.9473|5.30|0.186|||Peg
358.2105|-8.9968|5.76|1.171|h||Aqr
358.2315|-3.1555|5.93|1.069|||Psc
358.5960|57.4994|4.51|1.190|ρ||Cas
358.6943|0.1093|5.78|1.466|XZ||Psc
359.2853|55.7057|5.57|0.478|V1022||Cas
359.3329|-62.9566|5.95|0.101|||
359.3870|-82.1698|5.72|1.055|γ2||Oct
359.3962|-64.2982|5.00|0.060|η||Tuc
359.4397|25.1414|4.63|1.584|ψ||Peg
359.6682|-3.5560|4.88|0.930|||Psc
359.7324|-52.7458|5.13|1.121|π||Phe
359.7522|55.7549|4.88|-0.071|σ||Cas
359.8279|6.8633|4.03|0.419|ω||Psc
359.8662|-29.4852|5.59|1.599|BU||Scl
359.8721|33.7239|5.81|0.539|HD 224635||
359.9791|-65.5771|4.49|-0.075|ε||Tuc